,선수명,팀명,경기,도루시도,도루허용,도루저지,도루성공률,주루사,견제사,년도
0,오지환,LG,134,32,27,5,84.4,5,2,2019
1,이천웅,LG,138,31,21,10,67.7,3,0,2019
2,정주현,LG,129,21,15,6,71.4,4,1,2019
3,신민재,LG,81,18,10,8,55.6,2,1,2019
4,김용의,LG,114,11,8,3,72.7,1,0,2019
5,이형종,LG,120,11,6,5,54.5,4,0,2019
6,김현수,LG,140,4,3,1,75.0,4,0,2019
7,박용택,LG,64,4,3,1,75.0,0,0,2019
8,홍창기,LG,23,3,3,0,100,0,0,2019
9,구본혁,LG,57,3,2,1,66.7,0,0,2019
10,김민성,LG,107,3,2,1,66.7,2,0,2019
11,전민수,LG,75,3,2,1,66.7,0,0,2019
12,채은성,LG,128,4,2,2,50.0,1,1,2019
13,페게로,LG,52,3,2,1,66.7,0,1,2019
14,백승현,LG,14,1,1,0,100,0,0,2019
15,윤진호,LG,106,2,1,1,50.0,1,0,2019
16,고우석,LG,1,0,0,0,-,0,0,2019
17,김재성,LG,3,0,0,0,-,0,0,2019
18,김재율,LG,4,0,0,0,-,0,0,2019
19,류형우,LG,10,0,0,0,-,0,0,2019
20,문광은,LG,2,0,0,0,-,0,0,2019
21,박지규,LG,10,0,0,0,-,0,0,2019
22,서상우,LG,13,0,0,0,-,1,0,2019
23,양원혁,LG,1,0,0,0,-,0,0,2019
24,양종민,LG,18,0,0,0,-,1,0,2019
25,여건욱,LG,3,0,0,0,-,0,0,2019
26,유강남,LG,132,0,0,0,-,8,0,2019
27,이상영,LG,1,0,0,0,-,0,0,2019
28,이성우,LG,55,0,0,0,-,1,0,2019
29,장원삼,LG,1,0,0,0,-,0,0,2019
30,전준호,LG,8,0,0,0,-,0,0,2019
31,정상호,LG,22,0,0,0,-,0,0,2019
32,정우영,LG,1,0,0,0,-,0,0,2019
33,정찬헌,LG,1,0,0,0,-,0,0,2019
34,조셉,LG,55,1,0,1,0.0,0,0,2019
35,최동환,LG,2,0,0,0,-,0,0,2019
36,박민우,NC,125,25,18,7,72.0,5,0,2019
37,이명기,NC,139,18,14,4,77.8,5,1,2019
38,김태진,NC,123,16,12,4,75.0,6,2,2019
39,이상호,NC,102,15,10,5,66.7,4,1,2019
40,김성욱,NC,116,10,6,4,60.0,2,0,2019
41,최승민,NC,24,8,6,2,75.0,0,0,2019
42,양의지,NC,118,7,4,3,57.1,2,1,2019
43,권희동,NC,116,3,3,0,100,2,0,2019
44,김찬형,NC,76,7,3,4,42.9,3,0,2019
45,모창민,NC,101,5,3,2,60.0,1,0,2019
46,스몰린스키,NC,55,4,3,1,75.0,2,0,2019
47,강진성,NC,41,3,2,1,66.7,0,0,2019
48,나성범,NC,23,3,2,1,66.7,4,0,2019
49,박석민,NC,112,3,1,2,33.3,4,1,2019
50,베탄코트,NC,53,2,1,1,50.0,1,0,2019
51,손시헌,NC,68,3,1,2,33.3,1,1,2019
52,이원재,NC,94,3,1,2,33.3,4,0,2019
53,정범모,NC,25,2,1,1,50.0,0,0,2019
54,강윤구,NC,1,0,0,0,-,0,0,2019
55,김건태,NC,1,0,0,0,-,0,0,2019
56,김영규,NC,1,0,0,0,-,0,0,2019
57,김준완,NC,8,0,0,0,-,0,1,2019
58,김진성,NC,3,0,0,0,-,0,0,2019
59,김진형,NC,11,0,0,0,-,0,0,2019
60,김철호,NC,2,0,0,0,-,0,0,2019
61,김태군,NC,18,0,0,0,-,0,0,2019
62,김형준,NC,55,0,0,0,-,3,0,2019
63,노진혁,NC,110,1,0,1,0.0,2,0,2019
64,민태호,NC,1,0,0,0,-,0,0,2019
65,박헌욱,NC,6,0,0,0,-,0,0,2019
66,배재환,NC,2,0,0,0,-,0,0,2019
67,오영수,NC,3,0,0,0,-,0,0,2019
68,원종현,NC,6,0,0,0,-,0,0,2019
69,유영준,NC,3,0,0,0,-,0,0,2019
70,유원상,NC,3,0,0,0,-,0,0,2019
71,윤수강,NC,2,0,0,0,-,0,0,2019
72,윤지웅,NC,1,0,0,0,-,0,0,2019
73,이우석,NC,1,0,0,0,-,0,0,2019
74,이인혁,NC,6,0,0,0,-,0,0,2019
75,전사민,NC,1,0,0,0,-,0,0,2019
76,지석훈,NC,76,1,0,1,0.0,5,0,2019
77,최성영,NC,1,0,0,0,-,0,0,2019
78,홍성무,NC,2,0,0,0,-,0,0,2019
79,고종욱,SK,137,41,31,10,75.6,8,1,2019
80,노수광,SK,117,37,27,10,73.0,7,1,2019
81,김강민,SK,127,23,15,8,65.2,3,1,2019
82,김재현,SK,83,19,13,6,68.4,2,2,2019
83,안상현,SK,65,10,7,3,70.0,2,0,2019
84,김성현,SK,144,8,6,2,75.0,5,0,2019
85,로맥,SK,137,9,6,3,66.7,3,0,2019
86,채현우,SK,9,4,3,1,75.0,0,0,2019
87,최정,SK,141,5,3,2,60.0,3,1,2019
88,배영섭,SK,30,2,2,0,100,0,0,2019
89,최항,SK,52,2,2,0,100,0,1,2019
90,나주환,SK,94,3,1,2,33.3,2,2,2019
91,이재원,SK,139,1,1,0,100,3,1,2019
92,정현,SK,27,2,1,1,50.0,0,0,2019
93,강승호,SK,15,0,0,0,-,0,0,2019
94,김성민,SK,2,0,0,0,-,0,1,2019
95,김창평,SK,18,0,0,0,-,1,0,2019
96,김태훈,SK,1,0,0,0,-,0,0,2019
97,남태혁,SK,12,0,0,0,-,0,0,2019
98,박정권,SK,18,0,0,0,-,0,0,2019
99,신재웅,SK,1,0,0,0,-,0,0,2019
100,오준혁,SK,2,0,0,0,-,0,0,2019
101,이승진,SK,1,0,0,0,-,0,0,2019
102,이현석,SK,2,0,0,0,-,0,0,2019
103,임재현,SK,6,0,0,0,-,0,0,2019
104,정의윤,SK,110,0,0,0,-,3,1,2019
105,정진기,SK,13,0,0,0,-,0,0,2019
106,최경모,SK,17,0,0,0,-,0,0,2019
107,최민재,SK,1,0,0,0,-,0,0,2019
108,최승준,SK,10,0,0,0,-,0,0,2019
109,최준우,SK,15,0,0,0,-,0,0,2019
110,한유섬,SK,125,1,0,1,0.0,8,0,2019
111,허도환,SK,56,1,0,1,0.0,1,0,2019
112,정수빈,두산,123,34,26,8,76.5,10,2,2019
113,류지혁,두산,118,23,18,5,78.3,3,1,2019
114,박건우,두산,127,15,12,3,80.0,9,1,2019
115,허경민,두산,133,16,11,5,68.8,7,2,2019
116,박세혁,두산,137,10,8,2,80.0,6,0,2019
117,오재원,두산,98,8,6,2,75.0,1,1,2019
118,이유찬,두산,25,5,5,0,100,0,0,2019
119,정진호,두산,66,7,5,2,71.4,1,0,2019
120,김재호,두산,130,6,3,3,50.0,5,0,2019
121,김재환,두산,136,4,3,1,75.0,2,0,2019
122,오재일,두산,130,3,2,1,66.7,2,0,2019
123,김인태,두산,26,2,1,1,50.0,1,0,2019
124,김태근,두산,9,3,1,2,33.3,0,0,2019
125,페르난데스,두산,144,3,1,2,33.3,3,0,2019
126,국해성,두산,21,0,0,0,-,0,0,2019
127,권혁,두산,1,0,0,0,-,0,0,2019
128,김경호,두산,32,0,0,0,-,0,0,2019
129,김대한,두산,19,0,0,0,-,0,0,2019
130,김승회,두산,1,0,0,0,-,0,0,2019
131,박유연,두산,2,0,0,0,-,0,0,2019
132,배영수,두산,2,0,0,0,-,0,0,2019
133,백동훈,두산,41,1,0,1,0.0,0,0,2019
134,서예일,두산,7,0,0,0,-,0,0,2019
135,송승환,두산,2,0,0,0,-,0,0,2019
136,신성현,두산,35,0,0,0,-,0,0,2019
137,이영하,두산,1,0,0,0,-,0,0,2019
138,이흥련,두산,27,0,0,0,-,1,0,2019
139,장승현,두산,35,0,0,0,-,0,0,2019
140,전민재,두산,2,0,0,0,-,0,0,2019
141,정병곤,두산,20,0,0,0,-,0,0,2019
142,최주환,두산,87,0,0,0,-,8,0,2019
143,함덕주,두산,1,0,0,0,-,0,0,2019
144,김하성,키움,139,37,33,4,89.2,3,1,2019
145,김혜성,키움,122,23,20,3,87.0,2,0,2019
146,서건창,키움,113,20,17,3,85.0,6,3,2019
147,이정후,키움,140,20,13,7,65.0,4,0,2019
148,임병욱,키움,117,12,10,2,83.3,3,1,2019
149,박정음,키움,60,11,6,5,54.5,1,0,2019
150,이지영,키움,106,6,5,1,83.3,2,1,2019
151,김규민,키움,94,6,2,4,33.3,1,0,2019
152,송성문,키움,103,3,2,1,66.7,1,0,2019
153,박동원,키움,112,1,1,0,100,3,0,2019
154,샌즈,키움,139,3,1,2,33.3,5,0,2019
155,김웅빈,키움,4,0,0,0,-,0,0,2019
156,김은성,키움,5,0,0,0,-,0,0,2019
157,김주형,키움,3,0,0,0,-,0,0,2019
158,김지수,키움,69,0,0,0,-,1,0,2019
159,박병호,키움,122,1,0,1,0.0,2,0,2019
160,예진원,키움,2,0,0,0,-,0,0,2019
161,윤영삼,키움,1,0,0,0,-,0,0,2019
162,임지열,키움,11,0,0,0,-,0,0,2019
163,장영석,키움,119,0,0,0,-,2,0,2019
164,주효상,키움,18,0,0,0,-,1,0,2019
165,추재현,키움,1,0,0,0,-,0,0,2019
166,허정협,키움,37,0,0,0,-,0,0,2019
0,심우준,KT,144,46,35,11,76.1,3,1,2020
1,배정대,KT,144,35,22,13,62.9,4,2,2020
2,조용호,KT,132,15,12,3,80.0,4,1,2020
3,황재균,KT,134,17,11,6,64.7,3,1,2020
4,김민혁,KT,108,12,8,4,66.7,2,0,2020
5,강백호,KT,129,9,7,2,77.8,10,0,2020
6,박승욱,KT,97,6,5,1,83.3,2,1,2020
7,송민섭,KT,114,7,4,3,57.1,2,0,2020
8,천성호,KT,66,2,1,1,50.0,1,0,2020
9,강민국,KT,81,1,0,1,0.0,1,0,2020
10,강현우,KT,26,0,0,0,-,0,0,2020
11,김민,KT,2,0,0,0,-,0,0,2020
12,김민수,KT,1,0,0,0,-,0,0,2020
13,김병희,KT,29,0,0,0,-,0,0,2020
14,김성훈,KT,1,0,0,0,-,0,0,2020
15,김재윤,KT,2,0,0,0,-,0,0,2020
16,김태훈,KT,2,0,0,0,-,0,0,2020
17,로하스,KT,142,1,0,1,0.0,7,0,2020
18,류희운,KT,1,0,0,0,-,0,0,2020
19,문상인,KT,3,0,0,0,-,0,0,2020
20,문상철,KT,74,1,0,1,0.0,1,0,2020
21,박경수,KT,119,1,0,1,0.0,5,0,2020
22,박준혁,KT,12,0,0,0,-,0,0,2020
23,안현준,KT,1,0,0,0,-,0,0,2020
24,유원상,KT,1,0,0,0,-,0,0,2020
25,유한준,KT,119,0,0,0,-,2,0,2020
26,이대은,KT,2,0,0,0,-,0,0,2020
27,이보근,KT,1,0,0,0,-,0,0,2020
28,이상화,KT,1,0,0,0,-,0,0,2020
29,이창재,KT,1,0,0,0,-,0,0,2020
30,이홍구,KT,49,0,0,0,-,2,0,2020
31,장성우,KT,130,0,0,0,-,1,0,2020
32,전유수,KT,2,0,0,0,-,0,0,2020
33,정주후,KT,10,1,0,1,0.0,0,0,2020
34,조병욱,KT,1,0,0,0,-,0,0,2020
35,주권,KT,2,0,0,0,-,0,0,2020
36,허도환,KT,52,0,0,0,-,0,0,2020
37,홍현빈,KT,40,1,0,1,0.0,0,0,2020
38,오지환,LG,141,28,20,8,71.4,9,1,2020
39,홍창기,LG,135,16,11,5,68.8,4,1,2020
40,신민재,LG,68,10,8,2,80.0,1,0,2020
41,이천웅,LG,89,13,8,5,61.5,7,0,2020
42,정주현,LG,134,15,8,7,53.3,7,1,2020
43,김용의,LG,101,10,7,3,70.0,1,0,2020
44,정근우,LG,72,9,7,2,77.8,2,0,2020
45,손호영,LG,23,5,5,0,100,1,0,2020
46,김민성,LG,87,3,2,1,66.7,2,0,2020
47,라모스,LG,117,2,2,0,100,4,0,2020
48,박용택,LG,97,2,2,0,100,1,0,2020
49,유강남,LG,137,2,1,1,50.0,3,0,2020
50,이형종,LG,81,1,1,0,100,4,0,2020
51,한석현,LG,9,1,1,0,100,0,0,2020
52,구본혁,LG,125,0,0,0,-,1,1,2020
53,김대현,LG,1,0,0,0,-,0,0,2020
54,김현수,LG,142,2,0,2,0.0,4,0,2020
55,김호은,LG,69,0,0,0,-,1,0,2020
56,남호,LG,1,0,0,0,-,0,0,2020
57,류원석,LG,1,0,0,0,-,0,0,2020
58,박재욱,LG,15,0,0,0,-,0,0,2020
59,박지규,LG,4,0,0,0,-,0,0,2020
60,백승현,LG,27,0,0,0,-,1,0,2020
61,백청훈,LG,1,0,0,0,-,0,0,2020
62,송은범,LG,4,0,0,0,-,0,0,2020
63,양석환,LG,40,0,0,0,-,1,0,2020
64,이성우,LG,72,0,0,0,-,3,0,2020
65,이우찬,LG,1,0,0,0,-,0,0,2020
66,이재원,LG,16,0,0,0,-,0,0,2020
67,이정용,LG,1,0,0,0,-,0,0,2020
68,이찬혁,LG,1,0,0,0,-,0,0,2020
69,장준원,LG,46,0,0,0,-,0,1,2020
70,전민수,LG,4,0,0,0,-,0,0,2020
71,정우영,LG,2,0,0,0,-,0,0,2020
72,진해수,LG,1,0,0,0,-,0,0,2020
73,채은성,LG,109,3,0,3,0.0,4,0,2020
74,최동환,LG,3,0,0,0,-,0,0,2020
75,최성훈,LG,3,0,0,0,-,0,0,2020
76,최재원,LG,6,0,0,0,-,0,0,2020
77,알테어,NC,136,25,22,3,88.0,4,2,2020
78,박민우,NC,126,19,13,6,68.4,5,1,2020
79,김성욱,NC,104,17,12,5,70.6,2,0,2020
80,이명기,NC,136,19,12,7,63.2,5,1,2020
81,강진성,NC,121,10,9,1,90.0,3,1,2020
82,이상호,NC,82,10,6,4,60.0,0,1,2020
83,양의지,NC,130,7,5,2,71.4,4,0,2020
84,이재율,NC,25,5,4,1,80.0,0,0,2020
85,최정원,NC,49,4,4,0,100,1,1,2020
86,권희동,NC,123,3,3,0,100,0,0,2020
87,김찬형,NC,56,4,3,1,75.0,2,0,2020
88,나성범,NC,130,4,3,1,75.0,2,0,2020
89,박준영,NC,32,1,1,0,100,0,0,2020
90,이원재,NC,73,1,1,0,100,2,0,2020
91,지석훈,NC,87,1,1,0,100,1,0,2020
92,강동연,NC,3,0,0,0,-,0,0,2020
93,김건태,NC,5,0,0,0,-,0,0,2020
94,김기환,NC,4,0,0,0,-,0,0,2020
95,김준완,NC,45,0,0,0,-,1,0,2020
96,김진성,NC,2,0,0,0,-,0,0,2020
97,김태군,NC,80,0,0,0,-,1,0,2020
98,김형준,NC,44,0,0,0,-,2,0,2020
99,노진혁,NC,132,4,0,4,0.0,1,0,2020
100,도태훈,NC,11,0,0,0,-,0,0,2020
101,모창민,NC,62,0,0,0,-,1,0,2020
102,박석민,NC,123,1,0,1,0.0,5,0,2020
103,박시원,NC,1,0,0,0,-,0,0,2020
104,배민서,NC,1,0,0,0,-,0,0,2020
105,배재환,NC,1,0,0,0,-,0,0,2020
106,서호철,NC,2,0,0,0,-,0,0,2020
107,손정욱,NC,1,0,0,0,-,0,0,2020
108,송명기,NC,1,0,0,0,-,0,0,2020
109,원종현,NC,4,0,0,0,-,0,0,2020
110,유영준,NC,4,0,0,0,-,0,0,2020
111,윤수강,NC,4,0,0,0,-,0,0,2020
112,홍성무,NC,1,0,0,0,-,0,0,2020
113,정수빈,두산,141,21,15,6,71.4,6,0,2020
114,허경민,두산,117,20,14,6,70.0,4,1,2020
115,이유찬,두산,101,17,13,4,76.5,2,0,2020
116,오재원,두산,85,15,10,5,66.7,3,1,2020
117,박건우,두산,129,10,8,2,80.0,4,1,2020
118,김재호,두산,120,8,6,2,75.0,6,0,2020
119,김재환,두산,140,6,6,0,100,2,0,2020
120,박세혁,두산,124,8,5,3,62.5,6,0,2020
121,조수행,두산,44,5,3,2,60.0,0,0,2020
122,안권수,두산,68,3,2,1,66.7,4,0,2020
123,오재일,두산,127,3,2,1,66.7,7,0,2020
124,최주환,두산,140,4,2,2,50.0,5,0,2020
125,국해성,두산,46,2,1,1,50.0,0,0,2020
126,권민석,두산,55,1,1,0,100,0,0,2020
127,권휘,두산,1,0,0,0,-,0,0,2020
128,김강률,두산,2,0,0,0,-,0,0,2020
129,김민규,두산,3,0,0,0,-,0,0,2020
130,김인태,두산,77,0,0,0,-,0,0,2020
131,박지훈,두산,10,0,0,0,-,0,0,2020
132,백동훈,두산,27,0,0,0,-,0,0,2020
133,서예일,두산,40,0,0,0,-,0,0,2020
134,신성현,두산,9,0,0,0,-,0,0,2020
135,양찬열,두산,17,0,0,0,-,0,0,2020
136,오명진,두산,5,0,0,0,-,0,0,2020
137,윤명준,두산,1,0,0,0,-,0,0,2020
138,이승민,두산,3,0,0,0,-,0,0,2020
139,이영하,두산,1,0,0,0,-,0,0,2020
140,이형범,두산,1,0,0,0,-,0,0,2020
141,장승현,두산,23,0,0,0,-,0,0,2020
142,정상호,두산,42,0,0,0,-,0,1,2020
143,조제영,두산,1,0,0,0,-,0,0,2020
144,최용제,두산,28,0,0,0,-,0,0,2020
145,페르난데스,두산,144,1,0,1,0.0,9,0,2020
146,함덕주,두산,2,0,0,0,-,0,0,2020
147,홍건희,두산,1,0,0,0,-,0,0,2020
148,김혜성,키움,142,33,25,8,75.8,3,2,2020
149,서건창,키움,135,34,24,10,70.6,9,1,2020
150,김하성,키움,138,25,23,2,92.0,6,0,2020
151,이정후,키움,140,14,12,2,85.7,3,1,2020
152,박정음,키움,86,10,9,1,90.0,0,1,2020
153,전병우,키움,119,7,7,0,100,3,0,2020
154,박준태,키움,128,6,5,1,83.3,4,3,2020
155,임병욱,키움,12,3,3,0,100,0,0,2020
156,러셀,키움,65,2,2,0,100,3,1,2020
157,김규민,키움,54,1,1,0,100,1,0,2020
158,김웅빈,키움,73,1,1,0,100,1,1,2020
159,이지영,키움,101,2,1,1,50.0,2,0,2020
160,김동혁,키움,1,0,0,0,-,0,0,2020
161,김병휘,키움,1,0,0,0,-,0,0,2020
162,김상수,키움,1,0,0,0,-,0,0,2020
163,김성민,키움,3,0,0,0,-,0,0,2020
164,김수환,키움,9,0,0,0,-,1,0,2020
165,김은성,키움,16,0,0,0,-,0,0,2020
166,김재웅,키움,2,0,0,0,-,0,0,2020
167,김재현,키움,4,0,0,0,-,0,0,2020
168,김주형,키움,39,1,0,1,0.0,0,0,2020
169,모터,키움,10,0,0,0,-,0,0,2020
170,문찬종,키움,5,0,0,0,-,0,0,2020
171,박동원,키움,112,0,0,0,-,0,0,2020
172,박병호,키움,93,0,0,0,-,1,1,2020
173,박주홍,키움,13,1,0,1,0.0,1,0,2020
174,변상권,키움,35,0,0,0,-,0,0,2020
175,송우현,키움,14,0,0,0,-,0,0,2020
176,신재영,키움,1,0,0,0,-,0,0,2020
177,안우진,키움,1,0,0,0,-,0,0,2020
178,양지율,키움,1,0,0,0,-,0,0,2020
179,양현,키움,1,0,0,0,-,0,0,2020
180,윤정현,키움,2,0,0,0,-,0,0,2020
181,이택근,키움,20,0,0,0,-,0,0,2020
182,임규빈,키움,2,0,0,0,-,0,0,2020
183,임지열,키움,1,0,0,0,-,0,0,2020
184,조상우,키움,6,0,0,0,-,0,0,2020
185,조성운,키움,4,0,0,0,-,0,0,2020
186,조영건,키움,3,0,0,0,-,0,0,2020
187,주효상,키움,63,0,0,0,-,0,0,2020
188,허정협,키움,111,0,0,0,-,2,0,2020
0,배정대,KT,144,26,19,7,73.1,2,0,2021
1,심우준,KT,139,22,16,6,72.7,3,1,2021
2,송민섭,KT,122,16,15,1,93.8,0,0,2021
3,조용호,KT,138,21,12,9,57.1,1,0,2021
4,황재균,KT,117,15,11,4,73.3,4,0,2021
5,강백호,KT,142,15,10,5,66.7,10,2,2021
6,김민혁,KT,75,9,6,3,66.7,3,0,2021
7,호잉,KT,68,7,5,2,71.4,1,0,2021
8,오윤석,KT,97,4,4,0,100,1,0,2021
9,권동진,KT,86,6,3,3,50.0,5,0,2021
10,김병희,KT,34,3,3,0,100,0,0,2021
11,문상철,KT,53,2,2,0,100,0,1,2021
12,김건형,KT,11,1,1,0,100,0,0,2021
13,김태훈,KT,44,1,1,0,100,0,0,2021
14,박승욱,KT,8,1,1,0,100,0,0,2021
15,신본기,KT,96,3,1,2,33.3,2,1,2021
16,알몬테,KT,60,1,1,0,100,2,0,2021
17,유한준,KT,104,1,1,0,100,1,0,2021
18,장성우,KT,127,3,1,2,33.3,3,0,2021
19,천성호,KT,41,1,1,0,100,0,0,2021
20,강민국,KT,18,0,0,0,-,1,0,2021
21,고명성,KT,7,0,0,0,-,0,0,2021
22,고영표,KT,1,0,0,0,-,0,0,2021
23,김민수,KT,6,0,0,0,-,0,0,2021
24,김재윤,KT,8,0,0,0,-,0,0,2021
25,김준태,KT,58,0,0,0,-,0,0,2021
26,박경수,KT,118,1,0,1,0.0,3,0,2021
27,박시영,KT,3,0,0,0,-,0,0,2021
28,심재민,KT,3,0,0,0,-,0,0,2021
29,안영명,KT,1,0,0,0,-,0,0,2021
30,유원상,KT,1,0,0,0,-,0,0,2021
31,이대은,KT,1,0,0,0,-,0,0,2021
32,이창재,KT,1,0,0,0,-,0,0,2021
33,이홍구,KT,37,0,0,0,-,0,0,2021
34,조현우,KT,3,0,0,0,-,0,0,2021
35,하준호,KT,2,0,0,0,-,0,0,2021
36,허도환,KT,62,0,0,0,-,3,0,2021
37,홍현빈,KT,43,1,0,1,0.0,3,0,2021
38,홍창기,LG,144,31,23,8,74.2,5,3,2021
39,서건창,LG,144,16,12,4,75.0,3,0,2021
40,오지환,LG,134,18,12,6,66.7,6,2,2021
41,김용의,LG,102,6,6,0,100,2,1,2021
42,이영빈,LG,72,9,6,3,66.7,2,0,2021
43,이재원,LG,62,6,5,1,83.3,5,0,2021
44,채은성,LG,110,6,4,2,66.7,2,3,2021
45,김민성,LG,121,6,3,3,50.0,3,1,2021
46,김현수,LG,140,3,3,0,100,5,1,2021
47,문보경,LG,107,4,3,1,75.0,1,0,2021
48,이천웅,LG,68,5,3,2,60.0,0,0,2021
49,이형종,LG,90,4,3,1,75.0,2,0,2021
50,정주현,LG,73,6,3,3,50.0,1,0,2021
51,신민재,LG,32,3,2,1,66.7,1,1,2021
52,유강남,LG,130,2,2,0,100,2,2,2021
53,이상호,LG,45,3,2,1,66.7,0,0,2021
54,이주형,LG,14,3,2,1,66.7,0,0,2021
55,한석현,LG,16,2,2,0,100,1,0,2021
56,김재성,LG,58,1,1,0,100,0,0,2021
57,문성주,LG,31,2,1,1,50.0,1,1,2021
58,고우석,LG,5,0,0,0,-,0,0,2021
59,구본혁,LG,123,0,0,0,-,0,0,2021
60,김주성,LG,3,0,0,0,-,0,0,2021
61,김지용,LG,1,0,0,0,-,0,0,2021
62,김진수,LG,1,0,0,0,-,0,0,2021
63,김호은,LG,7,0,0,0,-,0,0,2021
64,라모스,LG,51,0,0,0,-,2,0,2021
65,류원석,LG,1,0,0,0,-,0,0,2021
66,보어,LG,32,0,0,0,-,0,0,2021
67,손호영,LG,8,0,0,0,-,0,0,2021
68,안익훈,LG,48,0,0,0,-,0,0,2021
69,이상규,LG,3,0,0,0,-,0,0,2021
70,이상영,LG,3,0,0,0,-,0,0,2021
71,이성우,LG,36,0,0,0,-,1,0,2021
72,이우찬,LG,1,0,0,0,-,0,0,2021
73,이정용,LG,1,0,0,0,-,0,0,2021
74,이찬혁,LG,1,0,0,0,-,0,0,2021
75,장준원,LG,5,0,0,0,-,0,0,2021
76,진해수,LG,2,0,0,0,-,0,0,2021
77,채원후,LG,4,0,0,0,-,0,0,2021
78,최민창,LG,3,0,0,0,-,0,0,2021
79,최성훈,LG,5,0,0,0,-,0,0,2021
80,조수행,두산,115,25,21,4,84.0,2,1,2021
81,박건우,두산,126,13,13,0,100,6,0,2021
82,정수빈,두산,104,19,12,7,63.2,1,3,2021
83,강승호,두산,113,10,8,2,80.0,3,0,2021
84,허경민,두산,136,12,5,7,41.7,2,0,2021
85,박계범,두산,118,7,4,3,57.1,4,0,2021
86,박세혁,두산,96,6,4,2,66.7,1,0,2021
87,박지훈,두산,34,4,3,1,75.0,1,0,2021
88,안권수,두산,87,3,3,0,100,0,0,2021
89,김재환,두산,137,5,2,3,40.0,4,1,2021
90,양석환,두산,133,5,2,3,40.0,6,0,2021
91,오재원,두산,45,2,2,0,100,0,2,2021
92,김재호,두산,89,2,1,1,50.0,2,0,2021
93,안재석,두산,96,1,1,0,100,1,2,2021
94,국해성,두산,4,0,0,0,-,0,0,2021
95,권민석,두산,33,0,0,0,-,0,0,2021
96,권휘,두산,2,0,0,0,-,0,0,2021
97,김강률,두산,8,0,0,0,-,0,0,2021
98,김명신,두산,4,0,0,0,-,0,0,2021
99,김민규,두산,2,0,0,0,-,0,0,2021
100,김민혁,두산,6,0,0,0,-,0,0,2021
101,김인태,두산,133,2,0,2,0.0,4,1,2021
102,남호,두산,1,0,0,0,-,0,0,2021
103,문원,두산,1,0,0,0,-,0,0,2021
104,박성재,두산,1,0,0,0,-,0,0,2021
105,박소준,두산,1,0,0,0,-,0,0,2021
106,박치국,두산,1,0,0,0,-,0,0,2021
107,백동훈,두산,5,0,0,0,-,0,0,2021
108,서예일,두산,5,0,0,0,-,0,0,2021
109,신성현,두산,11,0,0,0,-,1,0,2021
110,오명진,두산,2,0,0,0,-,0,0,2021
111,윤명준,두산,4,0,0,0,-,0,0,2021
112,이교훈,두산,2,0,0,0,-,0,0,2021
113,이승진,두산,1,0,0,0,-,0,0,2021
114,이영하,두산,1,0,0,0,-,0,0,2021
115,장승현,두산,92,0,0,0,-,4,0,2021
116,전민재,두산,9,0,0,0,-,0,0,2021
117,최용제,두산,79,0,0,0,-,0,0,2021
118,페르난데스,두산,141,2,0,2,0.0,4,0,2021
119,홍건희,두산,1,0,0,0,-,0,0,2021
120,황경태,두산,1,0,0,0,-,0,0,2021
121,박해민,삼성,127,51,36,15,70.6,4,2,2021
122,구자욱,삼성,139,31,27,4,87.1,6,0,2021
123,김지찬,삼성,120,27,23,4,85.2,4,1,2021
124,피렐라,삼성,140,15,9,6,60.0,5,0,2021
125,김헌곤,삼성,118,9,5,4,55.6,0,1,2021
126,김상수,삼성,132,6,4,2,66.7,5,1,2021
127,강한울,삼성,124,4,2,2,50.0,4,0,2021
128,김동엽,삼성,69,3,2,1,66.7,2,0,2021
129,김성표,삼성,39,3,2,1,66.7,0,1,2021
130,이학주,삼성,66,4,2,2,50.0,2,0,2021
131,박승규,삼성,59,2,1,1,50.0,1,0,2021
132,오재일,삼성,120,1,1,0,100,3,1,2021
133,이원석,삼성,131,1,1,0,100,2,0,2021
134,최영진,삼성,44,1,1,0,100,1,0,2021
135,강민호,삼성,123,0,0,0,-,5,0,2021
136,권정웅,삼성,2,0,0,0,-,0,0,2021
137,김도환,삼성,25,1,0,1,0.0,0,0,2021
138,김민수,삼성,47,0,0,0,-,2,0,2021
139,김성윤,삼성,30,1,0,1,0.0,0,0,2021
140,김윤수,삼성,2,0,0,0,-,0,0,2021
141,김응민,삼성,1,0,0,0,-,0,0,2021
142,김현준,삼성,13,0,0,0,-,0,0,2021
143,김호재,삼성,87,0,0,0,-,0,0,2021
144,노건우,삼성,2,0,0,0,-,0,0,2021
145,문용익,삼성,1,0,0,0,-,0,0,2021
146,백승민,삼성,4,0,0,0,-,0,0,2021
147,송준석,삼성,19,0,0,0,-,0,0,2021
148,안주형,삼성,1,0,0,0,-,0,0,2021
149,오선진,삼성,23,0,0,0,-,0,0,2021
150,오승환,삼성,2,0,0,0,-,0,0,2021
151,이재익,삼성,1,0,0,0,-,0,0,2021
152,이태훈,삼성,3,0,0,0,-,0,0,2021
153,김혜성,키움,144,50,46,4,92.0,4,1,2021
154,이용규,키움,133,19,17,2,89.5,3,0,2021
155,이정후,키움,123,13,10,3,76.9,2,1,2021
156,박정음,키움,70,6,4,2,66.7,0,0,2021
157,이지영,키움,108,4,3,1,75.0,3,1,2021
158,전병우,키움,115,4,3,1,75.0,0,0,2021
159,박동원,키움,131,2,2,0,100,4,0,2021
160,김웅빈,키움,97,2,1,1,50.0,6,0,2021
161,김주형,키움,36,1,1,0,100,0,0,2021
162,김휘집,키움,34,1,1,0,100,1,0,2021
163,박주홍,키움,23,2,1,1,50.0,0,0,2021
164,박준태,키움,27,1,1,0,100,2,0,2021
165,송우현,키움,69,2,1,1,50.0,2,0,2021
166,김동욱,키움,1,0,0,0,-,0,0,2021
167,김병휘,키움,13,0,0,0,-,0,0,2021
168,김성민,키움,5,0,0,0,-,0,0,2021
169,김성진,키움,3,0,0,0,-,0,0,2021
170,김수환,키움,13,0,0,0,-,0,0,2021
171,김은성,키움,6,0,0,0,-,0,0,2021
172,김재웅,키움,3,0,0,0,-,0,0,2021
173,김재현,키움,39,1,0,1,0.0,0,0,2021
174,김정인,키움,3,0,0,0,-,0,0,2021
175,김태훈,키움,5,0,0,0,-,0,0,2021
176,문성현,키움,1,0,0,0,-,0,0,2021
177,문찬종,키움,13,0,0,0,-,0,0,2021
178,박관진,키움,1,0,0,0,-,0,0,2021
179,박병호,키움,118,1,0,1,0.0,0,0,2021
180,박승주,키움,1,0,0,0,-,0,0,2021
181,변상권,키움,72,0,0,0,-,1,0,2021
182,송성문,키움,66,0,0,0,-,2,0,2021
183,신준우,키움,56,1,0,1,0.0,3,0,2021
184,양현,키움,4,0,0,0,-,0,0,2021
185,예진원,키움,52,1,0,1,0.0,2,0,2021
186,오주원,키움,2,0,0,0,-,0,0,2021
187,윤정현,키움,1,0,0,0,-,0,0,2021
188,이명기,키움,3,0,0,0,-,0,0,2021
189,이승호,키움,3,0,0,0,-,0,0,2021
190,이주형,키움,5,0,0,0,-,0,0,2021
191,임지열,키움,19,1,0,1,0.0,0,0,2021
192,장재영,키움,1,0,0,0,-,0,0,2021
193,조상우,키움,4,0,0,0,-,0,0,2021
194,조영건,키움,1,0,0,0,-,0,0,2021
195,크레익,키움,61,1,0,1,0.0,1,0,2021
196,프레이타스,키움,43,0,0,0,-,1,0,2021
197,허정협,키움,29,0,0,0,-,0,0,2021
0,박찬호,KIA,130,50,42,8,84.0,7,0,2022
1,김도영,KIA,103,16,13,3,81.3,7,0,2022
2,김선빈,KIA,140,15,13,2,86.7,10,0,2022
3,소크라테스,KIA,127,19,12,7,63.2,5,1,2022
4,류지혁,KIA,127,12,8,4,66.7,4,0,2022
5,나성범,KIA,144,7,6,1,85.7,5,0,2022
6,이창진,KIA,111,8,3,5,37.5,4,0,2022
7,김호령,KIA,54,3,2,1,66.7,1,0,2022
8,고종욱,KIA,62,1,1,0,100,1,0,2022
9,박동원,KIA,123,1,1,0,100,5,1,2022
10,이우성,KIA,80,4,1,3,25.0,1,1,2022
11,최형우,KIA,132,1,1,0,100,3,1,2022
12,권혁경,KIA,2,0,0,0,-,0,0,2022
13,김규성,KIA,70,0,0,0,-,1,0,2022
14,김석환,KIA,51,0,0,0,-,0,0,2022
15,김선우,KIA,3,0,0,0,-,0,0,2022
16,김재열,KIA,1,0,0,0,-,0,0,2022
17,나지완,KIA,2,0,0,0,-,0,0,2022
18,류승현,KIA,3,0,0,0,-,0,0,2022
19,박민,KIA,6,0,0,0,-,0,0,2022
20,박정우,KIA,16,0,0,0,-,1,1,2022
21,신범수,KIA,2,0,0,0,-,0,0,2022
22,이정훈,KIA,6,0,0,0,-,0,0,2022
23,임석진,KIA,10,0,0,0,-,0,0,2022
24,최정용,KIA,30,0,0,0,-,0,0,2022
25,한승택,KIA,66,0,0,0,-,0,0,2022
26,황대인,KIA,129,0,0,0,-,3,0,2022
27,심우준,KT,132,25,23,2,92.0,3,0,2022
28,배정대,KT,144,23,19,4,82.6,9,2,2022
29,김민혁,KT,132,15,6,9,40.0,3,1,2022
30,황재균,KT,141,9,6,3,66.7,3,1,2022
31,박병호,KT,124,8,5,3,62.5,3,0,2022
32,알포드,KT,80,6,5,1,83.3,6,1,2022
33,조용호,KT,131,9,5,4,55.6,4,0,2022
34,권동진,KT,48,4,4,0,100,1,0,2022
35,홍현빈,KT,61,4,4,0,100,0,0,2022
36,김준태,KT,98,2,2,0,100,2,0,2022
37,라모스,KT,18,2,2,0,100,1,0,2022
38,오윤석,KT,112,3,2,1,66.7,1,0,2022
39,이시원,KT,31,2,2,0,100,0,0,2022
40,문상철,KT,28,1,1,0,100,0,0,2022
41,양승혁,KT,11,2,1,1,50.0,0,1,2022
42,장성우,KT,117,1,1,0,100,0,0,2022
43,장준원,KT,35,1,1,0,100,0,0,2022
44,강백호,KT,62,0,0,0,-,1,0,2022
45,고명성,KT,1,0,0,0,-,0,0,2022
46,김병희,KT,41,3,0,3,0.0,1,0,2022
47,김재윤,KT,1,0,0,0,-,0,0,2022
48,김태훈,KT,7,0,0,0,-,0,0,2022
49,문상인,KT,12,0,0,0,-,0,0,2022
50,문상준,KT,2,0,0,0,-,0,0,2022
51,박경수,KT,100,0,0,0,-,0,0,2022
52,박영현,KT,4,0,0,0,-,0,0,2022
53,배제성,KT,1,0,0,0,-,0,0,2022
54,송민섭,KT,119,2,0,2,0.0,0,0,2022
55,신본기,KT,74,1,0,1,0.0,0,0,2022
56,심재민,KT,2,0,0,0,-,0,0,2022
57,유준규,KT,7,0,0,0,-,0,0,2022
58,이상우,KT,1,0,0,0,-,0,0,2022
59,이정현,KT,1,0,0,0,-,0,0,2022
60,전진영,KT,4,0,0,0,-,0,0,2022
61,조대현,KT,6,0,0,0,-,0,0,2022
62,주권,KT,1,0,0,0,-,0,0,2022
63,지명성,KT,1,0,0,0,-,0,0,2022
64,박해민,LG,144,30,24,6,80.0,8,1,2022
65,오지환,LG,142,27,20,7,74.1,5,2,2022
66,홍창기,LG,118,17,13,4,76.5,1,0,2022
67,문성주,LG,106,15,9,6,60.0,6,1,2022
68,서건창,LG,77,11,8,3,72.7,2,0,2022
69,문보경,LG,126,7,7,0,100,5,2,2022
70,채은성,LG,126,13,6,7,46.2,3,0,2022
71,가르시아,LG,39,5,4,1,80.0,2,2,2022
72,이재원,LG,85,4,3,1,75.0,4,1,2022
73,김현수,LG,141,3,2,1,66.7,2,0,2022
74,송찬의,LG,33,3,2,1,66.7,2,0,2022
75,신민재,LG,14,4,2,2,50.0,0,0,2022
76,루이즈,LG,27,1,1,0,100,0,0,2022
77,이상호,LG,60,3,1,2,33.3,0,0,2022
78,고우석,LG,4,0,0,0,-,0,0,2022
79,김기연,LG,12,0,0,0,-,0,0,2022
80,김민성,LG,92,1,0,1,0.0,0,0,2022
81,김진성,LG,2,0,0,0,-,0,0,2022
82,김호은,LG,2,0,0,0,-,0,0,2022
83,박용택,LG,1,0,0,0,-,0,0,2022
84,박재욱,LG,1,0,0,0,-,0,0,2022
85,배재준,LG,1,0,0,0,-,0,0,2022
86,백승현,LG,1,0,0,0,-,0,0,2022
87,손호영,LG,36,3,0,3,0.0,1,0,2022
88,송승기,LG,1,0,0,0,-,0,0,2022
89,송은범,LG,2,0,0,0,-,0,0,2022
90,안익훈,LG,14,0,0,0,-,0,0,2022
91,유강남,LG,139,0,0,0,-,5,1,2022
92,이영빈,LG,60,0,0,0,-,0,0,2022
93,이천웅,LG,19,0,0,0,-,0,0,2022
94,이형종,LG,26,0,0,0,-,0,0,2022
95,정우영,LG,1,0,0,0,-,0,0,2022
96,진해수,LG,1,0,0,0,-,0,0,2022
97,채원후,LG,1,0,0,0,-,0,0,2022
98,최동환,LG,4,0,0,0,-,0,0,2022
99,최민창,LG,4,0,0,0,-,0,0,2022
100,최성훈,LG,2,0,0,0,-,0,0,2022
101,한석현,LG,6,1,0,1,0.0,0,0,2022
102,함덕주,LG,1,0,0,0,-,0,0,2022
103,허도환,LG,64,0,0,0,-,0,0,2022
104,허준혁,LG,1,0,0,0,-,0,0,2022
105,최지훈,SSG,144,38,31,7,81.6,5,3,2022
106,추신수,SSG,112,20,15,5,75.0,5,1,2022
107,박성한,SSG,140,20,12,8,60.0,2,0,2022
108,최정,SSG,121,17,12,5,70.6,4,0,2022
109,오태곤,SSG,130,15,11,4,73.3,1,0,2022
110,김성현,SSG,130,6,3,3,50.0,5,0,2022
111,라가레스,SSG,49,4,3,1,75.0,3,0,2022
112,최상민,SSG,27,4,3,1,75.0,0,0,2022
113,안상현,SSG,46,2,2,0,100,0,0,2022
114,최경모,SSG,98,2,2,0,100,3,0,2022
115,김강민,SSG,84,4,1,3,25.0,4,0,2022
116,이재원,SSG,105,1,1,0,100,1,0,2022
117,하재훈,SSG,60,1,1,0,100,1,0,2022
118,한유섬,SSG,135,2,1,1,50.0,1,0,2022
119,고효준,SSG,2,0,0,0,-,0,0,2022
120,김규남,SSG,2,0,0,0,-,0,0,2022
121,김민식,SSG,104,0,0,0,-,1,0,2022
122,김재현,SSG,18,0,0,0,-,0,0,2022
123,김택형,SSG,1,0,0,0,-,0,0,2022
124,박민호,SSG,1,0,0,0,-,0,0,2022
125,서동민,SSG,1,0,0,0,-,0,0,2022
126,석정우,SSG,9,1,0,1,0.0,0,0,2022
127,오준혁,SSG,47,0,0,0,-,0,0,2022
128,이정범,SSG,7,0,0,0,-,0,0,2022
129,이현석,SSG,9,0,0,0,-,0,0,2022
130,이흥련,SSG,22,0,0,0,-,0,0,2022
131,전경원,SSG,1,0,0,0,-,0,0,2022
132,전의산,SSG,77,0,0,0,-,2,0,2022
133,조요한,SSG,1,0,0,0,-,0,0,2022
134,조형우,SSG,9,0,0,0,-,0,0,2022
135,최민준,SSG,1,0,0,0,-,0,0,2022
136,최주환,SSG,97,0,0,0,-,1,0,2022
137,최준우,SSG,10,0,0,0,-,0,0,2022
138,최항,SSG,15,0,0,0,-,1,0,2022
139,크론,SSG,67,0,0,0,-,2,0,2022
140,김혜성,키움,129,41,34,7,82.9,4,1,2022
141,이용규,키움,86,14,12,2,85.7,7,0,2022
142,푸이그,키움,126,9,6,3,66.7,12,1,2022
143,이정후,키움,142,5,5,0,100,1,1,2022
144,김주형,키움,55,1,1,0,100,1,0,2022
145,김준완,키움,111,2,1,1,50.0,3,0,2022
146,김태진,키움,77,3,1,2,33.3,1,0,2022
147,이병규,키움,24,1,1,0,100,2,0,2022
148,이지영,키움,137,2,1,1,50.0,3,1,2022
149,임지열,키움,40,1,1,0,100,1,0,2022
150,강민국,키움,3,0,0,0,-,0,0,2022
151,김성진,키움,2,0,0,0,-,0,0,2022
152,김수환,키움,57,0,0,0,-,0,1,2022
153,김시앙,키움,13,0,0,0,-,0,0,2022
154,김웅빈,키움,45,2,0,2,0.0,0,0,2022
155,김재현,키움,56,0,0,0,-,1,0,2022
156,김태훈,키움,1,0,0,0,-,0,0,2022
157,김휘집,키움,112,0,0,0,-,2,1,2022
158,노운현,키움,1,0,0,0,-,0,0,2022
159,박승주,키움,1,0,0,0,-,0,0,2022
160,박주성,키움,2,0,0,0,-,0,0,2022
161,박주홍,키움,21,0,0,0,-,0,0,2022
162,박준태,키움,52,0,0,0,-,2,0,2022
163,박찬혁,키움,52,1,0,1,0.0,0,1,2022
164,송성문,키움,142,1,0,1,0.0,1,0,2022
165,신준우,키움,76,0,0,0,-,0,0,2022
166,애플러,키움,1,0,0,0,-,0,0,2022
167,예진원,키움,20,0,0,0,-,0,0,2022
168,이명기,키움,2,0,0,0,-,0,0,2022
169,이재홍,키움,4,0,0,0,-,0,1,2022
170,이주형,키움,32,0,0,0,-,0,0,2022
171,전병우,키움,115,0,0,0,-,0,0,2022
172,하영민,키움,3,0,0,0,-,0,0,2022
0,알포드,KT,133,21,17,4,81.0,12,1,2023
1,배정대,KT,97,16,13,3,81.3,3,0,2023
2,김민혁,KT,113,15,11,4,73.3,5,0,2023
3,안치영,KT,76,8,7,1,87.5,0,0,2023
4,김상수,KT,129,11,5,6,45.5,4,2,2023
5,이호연,KT,85,6,4,2,66.7,3,0,2023
6,조용호,KT,63,4,4,0,100,3,0,2023
7,강백호,KT,71,3,3,0,100,4,0,2023
8,문상철,KT,112,4,3,1,75.0,3,0,2023
9,송민섭,KT,69,4,3,1,75.0,1,0,2023
10,오윤석,KT,82,4,3,1,75.0,0,1,2023
11,장준원,KT,69,3,3,0,100,0,0,2023
12,황재균,KT,109,6,3,3,50.0,2,1,2023
13,박병호,KT,132,2,2,0,100,4,0,2023
14,이상호,KT,63,2,2,0,100,1,0,2023
15,홍현빈,KT,44,2,2,0,100,0,0,2023
16,김준태,KT,69,1,1,0,100,1,0,2023
17,장성우,KT,131,2,1,1,50.0,2,0,2023
18,강민성,KT,12,0,0,0,-,0,0,2023
19,강현우,KT,53,1,0,1,0.0,0,0,2023
20,김민,KT,1,0,0,0,-,0,0,2023
21,김병준,KT,3,0,0,0,-,0,0,2023
22,김병희,KT,5,0,0,0,-,0,0,2023
23,김영현,KT,1,0,0,0,-,0,0,2023
24,김재윤,KT,5,0,0,0,-,0,0,2023
25,류현인,KT,17,0,0,0,-,0,0,2023
26,문상인,KT,1,0,0,0,-,0,0,2023
27,문상준,KT,2,0,0,0,-,0,0,2023
28,박경수,KT,107,0,0,0,-,4,0,2023
29,박민석,KT,4,0,0,0,-,0,0,2023
30,박영현,KT,3,0,0,0,-,0,0,2023
31,손민석,KT,9,0,0,0,-,0,0,2023
32,신본기,KT,40,1,0,1,0.0,1,0,2023
33,이상동,KT,1,0,0,0,-,0,0,2023
34,이선우,KT,1,0,0,0,-,0,0,2023
35,이시원,KT,29,1,0,1,0.0,1,0,2023
36,이채호,KT,1,0,0,0,-,0,0,2023
37,정준영,KT,34,0,0,0,-,0,0,2023
38,하준호,KT,1,0,0,0,-,0,0,2023
39,신민재,LG,122,54,37,17,68.5,6,1,2023
40,박해민,LG,144,38,26,12,68.4,11,2,2023
41,문성주,LG,136,38,24,14,63.2,6,2,2023
42,홍창기,LG,141,46,23,23,50.0,10,3,2023
43,오지환,LG,126,23,16,7,69.6,7,2,2023
44,문보경,LG,131,17,9,8,52.9,8,2,2023
45,최승민,LG,38,11,8,3,72.7,1,1,2023
46,오스틴,LG,139,10,7,3,70.0,5,2,2023
47,이재원,LG,57,6,4,2,66.7,0,0,2023
48,서건창,LG,44,6,3,3,50.0,3,0,2023
49,김민성,LG,112,3,2,1,66.7,2,0,2023
50,김현수,LG,133,3,2,1,66.7,5,0,2023
51,손호영,LG,27,3,2,1,66.7,0,0,2023
52,김기연,LG,28,1,1,0,100,1,0,2023
53,송찬의,LG,19,1,1,0,100,1,0,2023
54,정주현,LG,89,6,1,5,16.7,1,0,2023
55,고우석,LG,1,0,0,0,-,0,0,2023
56,김대현,LG,2,0,0,0,-,0,0,2023
57,김범석,LG,10,0,0,0,-,0,0,2023
58,김주성,LG,11,0,0,0,-,1,0,2023
59,박동원,LG,130,1,0,1,0.0,7,0,2023
60,박명근,LG,2,0,0,0,-,0,0,2023
61,송대현,LG,4,0,0,0,-,0,0,2023
62,안익훈,LG,11,0,0,0,-,3,0,2023
63,오석주,LG,1,0,0,0,-,0,0,2023
64,이정용,LG,1,0,0,0,-,0,0,2023
65,이천웅,LG,4,0,0,0,-,0,0,2023
66,전준호,LG,2,0,0,0,-,0,0,2023
67,최동환,LG,3,0,0,0,-,0,0,2023
68,허도환,LG,47,0,0,0,-,0,0,2023
69,박민우,NC,124,33,26,7,78.8,4,1,2023
70,김주원,NC,127,18,15,3,83.3,6,1,2023
71,마틴,NC,118,18,15,3,83.3,9,1,2023
72,손아섭,NC,140,17,14,3,82.4,4,1,2023
73,박건우,NC,130,12,7,5,58.3,5,0,2023
74,김성욱,NC,93,7,6,1,85.7,0,1,2023
75,박영빈,NC,41,6,4,2,66.7,2,0,2023
76,서호철,NC,114,9,4,5,44.4,3,1,2023
77,최정원,NC,39,5,4,1,80.0,1,0,2023
78,오영수,NC,70,6,3,3,50.0,3,1,2023
79,오태양,NC,21,6,3,3,50.0,1,0,2023
80,권희동,NC,96,2,2,0,100,5,0,2023
81,도태훈,NC,117,3,2,1,66.7,2,0,2023
82,천재환,NC,78,5,2,3,40.0,1,0,2023
83,한석현,NC,27,3,2,1,66.7,1,1,2023
84,박세혁,NC,88,2,1,1,50.0,1,0,2023
85,윤형준,NC,82,2,1,1,50.0,1,0,2023
86,김수윤,NC,16,0,0,0,-,0,0,2023
87,김시훈,NC,1,0,0,0,-,0,0,2023
88,김한별,NC,79,3,0,3,0.0,1,0,2023
89,김형준,NC,26,0,0,0,-,0,0,2023
90,류진욱,NC,2,0,0,0,-,0,0,2023
91,박대온,NC,25,0,0,0,-,0,0,2023
92,박석민,NC,30,0,0,0,-,1,0,2023
93,박주찬,NC,5,0,0,0,-,0,0,2023
94,박한결,NC,12,0,0,0,-,0,0,2023
95,안중열,NC,77,0,0,0,-,2,0,2023
96,오장한,NC,3,0,0,0,-,0,0,2023
97,이용찬,NC,2,0,0,0,-,0,0,2023
98,전사민,NC,1,0,0,0,-,0,0,2023
99,조현진,NC,10,0,0,0,-,0,0,2023
100,채원후,NC,1,0,0,0,-,0,0,2023
101,최보성,NC,12,0,0,0,-,0,0,2023
102,한재승,NC,1,0,0,0,-,0,0,2023
103,최지훈,SSG,117,23,21,2,91.3,4,3,2023
104,오태곤,SSG,123,21,20,1,95.2,2,0,2023
105,에레디아,SSG,122,20,12,8,60.0,5,1,2023
106,하재훈,SSG,77,11,11,0,100,0,1,2023
107,최정,SSG,128,10,7,3,70.0,6,0,2023
108,추신수,SSG,112,10,6,4,60.0,4,0,2023
109,김성현,SSG,112,5,4,1,80.0,2,0,2023
110,박성한,SSG,128,5,4,1,80.0,4,3,2023
111,안상현,SSG,58,4,3,1,75.0,0,0,2023
112,김강민,SSG,70,3,2,1,66.7,2,0,2023
113,최경모,SSG,28,2,2,0,100,0,0,2023
114,최상민,SSG,51,4,2,2,50.0,1,0,2023
115,한유섬,SSG,109,3,2,1,66.7,1,1,2023
116,강진성,SSG,58,0,0,0,-,0,0,2023
117,고명준,SSG,2,0,0,0,-,0,0,2023
118,고효준,SSG,2,0,0,0,-,0,0,2023
119,김건웅,SSG,1,0,0,0,-,0,0,2023
120,김민식,SSG,122,0,0,0,-,5,1,2023
121,김정민,SSG,8,0,0,0,-,0,0,2023
122,김찬형,SSG,36,0,0,0,-,0,0,2023
123,노경은,SSG,1,0,0,0,-,0,0,2023
124,류효승,SSG,3,0,0,0,-,0,0,2023
125,문승원,SSG,1,0,0,0,-,0,0,2023
126,백승건,SSG,1,0,0,0,-,0,0,2023
127,서진용,SSG,3,0,0,0,-,0,0,2023
128,이건욱,SSG,1,0,0,0,-,0,0,2023
129,이재원,SSG,27,0,0,0,-,0,0,2023
130,이정범,SSG,15,0,0,0,-,0,0,2023
131,이흥련,SSG,16,0,0,0,-,0,0,2023
132,임준섭,SSG,1,0,0,0,-,0,0,2023
133,전의산,SSG,56,2,0,2,0.0,0,0,2023
134,조형우,SSG,62,0,0,0,-,1,0,2023
135,채현우,SSG,1,0,0,0,-,0,0,2023
136,최민준,SSG,1,0,0,0,-,0,0,2023
137,최주환,SSG,134,0,0,0,-,5,0,2023
138,최준우,SSG,38,1,0,1,0.0,0,0,2023
139,최항,SSG,21,0,0,0,-,1,0,2023
140,정수빈,두산,137,47,39,8,83.0,5,3,2023
141,조수행,두산,126,32,26,6,81.3,4,0,2023
142,강승호,두산,127,19,13,6,68.4,4,1,2023
143,이유찬,두산,104,17,12,5,70.6,3,1,2023
144,허경민,두산,130,12,9,3,75.0,3,1,2023
145,양의지,두산,129,8,8,0,100,7,1,2023
146,김재호,두산,91,4,4,0,100,2,0,2023
147,양석환,두산,140,4,4,0,100,9,0,2023
148,김재환,두산,132,4,3,1,75.0,4,0,2023
149,양찬열,두산,44,5,3,2,60.0,0,0,2023
150,김인태,두산,47,3,2,1,66.7,2,0,2023
151,박계범,두산,78,4,2,2,50.0,1,2,2023
152,박준영,두산,51,3,2,1,66.7,0,0,2023
153,안재석,두산,27,2,2,0,100,1,2,2023
154,김대한,두산,33,4,1,3,25.0,0,0,2023
155,박지훈,두산,22,1,1,0,100,1,0,2023
156,안승한,두산,22,1,1,0,100,0,0,2023
157,장승현,두산,76,1,1,0,100,0,0,2023
158,권민석,두산,1,0,0,0,-,0,0,2023
159,김민규,두산,1,0,0,0,-,0,0,2023
160,김민혁,두산,21,0,0,0,-,0,0,2023
161,김정우,두산,1,0,0,0,-,0,0,2023
162,김태근,두산,41,3,0,3,0.0,0,0,2023
163,로하스,두산,122,1,0,1,0.0,5,0,2023
164,박신지,두산,1,0,0,0,-,0,0,2023
165,박유연,두산,10,0,0,0,-,0,0,2023
166,박정수,두산,2,0,0,0,-,0,0,2023
167,박치국,두산,1,0,0,0,-,0,0,2023
168,서예일,두산,5,0,0,0,-,0,0,2023
169,송승환,두산,30,1,0,1,0.0,1,0,2023
170,신성현,두산,12,1,0,1,0.0,0,0,2023
171,이형범,두산,2,0,0,0,-,0,0,2023
172,전민재,두산,19,3,0,3,0.0,0,0,2023
173,정철원,두산,3,0,0,0,-,0,0,2023
174,최승용,두산,2,0,0,0,-,0,0,2023
175,홍건희,두산,4,0,0,0,-,0,0,2023
176,홍성호,두산,21,1,0,1,0.0,0,0,2023
