,선수명,팀명,타율,장타,땅볼,뜬공,땅볼/뜬공,결승타,볼넷/삼진,투구수/타석,순수장타율,추정득점,(1.8x출루율+장타율)/4,년도
0,채은성,LG,0.315,31,130,133,0.98,9,0.36,3.64,0.119,71.8,0.27,2019
1,이천웅,LG,0.308,29,186,111,1.68,6,0.70,3.81,0.066,75.4,0.264,2019
2,김현수,LG,0.304,48,165,158,1.04,9,1.04,3.67,0.133,84.2,0.276,2019
3,페게로,LG,0.286,19,32,48,0.67,6,0.19,3.86,0.186,30.3,0.267,2019
4,이형종,LG,0.286,38,103,128,0.80,4,0.54,3.67,0.155,68.0,0.272,2019
5,박용택,LG,0.282,10,48,64,0.75,0,0.60,3.62,0.062,23.5,0.239,2019
6,조셉,LG,0.274,12,44,55,0.80,3,0.30,3.60,0.152,28.3,0.256,2019
7,유강남,LG,0.270,38,115,114,1.01,8,0.37,3.86,0.167,56.8,0.26,2019
8,김민성,LG,0.260,24,86,107,0.80,8,0.40,3.91,0.111,41.1,0.238,2019
9,오지환,LG,0.252,37,122,122,1.00,8,0.50,4.11,0.127,66.7,0.247,2019
10,홍창기,LG,0.250,2,4,2,2.00,0,0.08,4.42,0.083,2.6,0.222,2019
11,전민수,LG,0.240,7,26,29,0.90,1,0.50,4.02,0.073,8.0,0.216,2019
12,서상우,LG,0.238,1,6,2,3.00,0,0.38,4.04,0.048,1.9,0.221,2019
13,신민재,LG,0.235,3,35,11,3.18,1,0.47,4.31,0.037,7.8,0.213,2019
14,정주현,LG,0.231,23,105,94,1.12,3,0.34,3.83,0.077,32.9,0.208,2019
15,김용의,LG,0.218,8,58,45,1.29,3,0.63,3.88,0.061,18.7,0.212,2019
16,김재성,LG,0.200,0,2,0,-,0,1.00,4.29,0.000,0.8,0.243,2019
17,류형우,LG,0.182,0,6,0,-,0,0.33,3.33,0.000,0.1,0.158,2019
18,구본혁,LG,0.176,2,24,30,0.80,2,0.35,3.64,0.047,5.4,0.166,2019
19,백승현,LG,0.167,1,10,5,2.00,0,0.00,3.30,0.033,0.2,0.125,2019
20,이성우,LG,0.156,3,30,13,2.31,2,0.36,3.55,0.047,2.5,0.158,2019
21,양종민,LG,0.136,2,16,8,2.00,0,0.13,3.78,0.045,-0.1,0.122,2019
22,김재율,LG,0.111,0,4,4,1.00,0,-,4.33,0.000,-0.2,0.078,2019
23,윤진호,LG,0.102,3,19,21,0.90,0,0.08,3.37,0.085,-0.2,0.099,2019
24,박지규,LG,0.091,0,2,1,2.00,0,0.57,4.39,0.000,1.6,0.208,2019
25,정상호,LG,0.083,1,6,5,1.20,0,0.00,3.50,0.042,-2.0,0.069,2019
26,고우석,LG,-,0,0,0,-,0,-,-,-,0.0,0.0,2019
27,문광은,LG,-,0,0,0,-,0,-,-,-,0.0,0.0,2019
28,양원혁,LG,-,0,0,0,-,0,-,-,-,0.0,0.0,2019
29,여건욱,LG,-,0,0,0,-,0,-,-,-,0.0,0.0,2019
30,이상영,LG,-,0,0,0,-,0,-,-,-,0.0,0.0,2019
31,장원삼,LG,-,0,0,0,-,0,-,-,-,0.0,0.0,2019
32,전준호,LG,0.000,0,3,1,3.00,0,0.00,4.40,0.000,-0.5,0.0,2019
33,정우영,LG,-,0,0,0,-,0,-,-,-,0.0,0.0,2019
34,정찬헌,LG,-,0,0,0,-,0,-,-,-,0.0,0.0,2019
35,최동환,LG,-,0,0,0,-,0,-,-,-,0.0,0.0,2019
36,최승민,NC,0.444,1,1,2,0.50,0,0.50,3.80,0.111,2.5,0.364,2019
37,나성범,NC,0.366,17,13,20,0.65,3,0.46,3.95,0.280,22.1,0.361,2019
38,양의지,NC,0.354,46,86,129,0.67,4,1.12,3.74,0.221,88.7,0.341,2019
39,박민우,NC,0.344,32,129,144,0.90,5,1.03,3.74,0.090,79.4,0.29,2019
40,모창민,NC,0.305,33,75,111,0.68,8,0.50,3.57,0.161,57.8,0.278,2019
41,이명기,NC,0.293,22,169,111,1.52,4,0.73,3.83,0.060,63.0,0.25,2019
42,이상호,NC,0.278,7,102,48,2.13,3,0.41,3.07,0.030,20.3,0.215,2019
43,김찬형,NC,0.277,7,50,32,1.56,3,0.29,3.30,0.078,15.8,0.234,2019
44,김태진,NC,0.275,24,102,105,0.97,4,0.24,3.56,0.104,43.9,0.232,2019
45,박석민,NC,0.267,37,108,90,1.20,5,0.94,4.19,0.211,66.3,0.296,2019
46,손시헌,NC,0.267,7,34,42,0.81,1,0.22,3.68,0.089,14.6,0.232,2019
47,노진혁,NC,0.264,38,83,96,0.86,4,0.39,3.90,0.190,50.2,0.26,2019
48,이원재,NC,0.258,19,78,68,1.15,4,0.43,3.74,0.137,31.6,0.239,2019
49,권희동,NC,0.256,23,90,112,0.80,6,0.83,4.16,0.101,47.5,0.25,2019
50,김준완,NC,0.250,0,5,6,0.83,0,1.00,4.42,0.000,2.0,0.205,2019
51,윤수강,NC,0.250,0,2,0,-,0,0.00,3.75,0.000,-0.1,0.175,2019
52,이인혁,NC,0.250,1,2,1,2.00,0,0.33,4.00,0.375,1.7,0.306,2019
53,강진성,NC,0.247,7,22,31,0.71,0,0.15,3.54,0.124,8.8,0.227,2019
54,베탄코트,NC,0.246,16,56,48,1.17,3,0.35,3.79,0.158,26.8,0.24,2019
55,김성욱,NC,0.230,26,64,93,0.69,5,0.42,3.86,0.157,36.4,0.233,2019
56,스몰린스키,NC,0.229,24,58,71,0.82,7,0.52,3.76,0.210,26.6,0.244,2019
57,지석훈,NC,0.228,11,39,41,0.95,3,0.27,3.79,0.101,13.8,0.217,2019
58,정범모,NC,0.225,3,6,10,0.60,1,0.20,3.64,0.175,4.7,0.226,2019
59,김형준,NC,0.224,7,40,19,2.11,0,0.33,3.75,0.103,9.8,0.207,2019
60,김태군,NC,0.182,0,8,2,4.00,0,0.50,3.54,0.000,2.0,0.206,2019
61,김진형,NC,0.150,1,7,8,0.88,0,0.00,3.00,0.050,0.6,0.111,2019
62,오영수,NC,0.125,0,3,0,-,0,0.00,4.00,0.000,-0.2,0.088,2019
63,박헌욱,NC,0.111,1,2,1,2.00,0,0.00,3.44,0.111,-0.4,0.105,2019
64,강윤구,NC,-,0,0,0,-,0,-,-,-,0.0,0.0,2019
65,김건태,NC,-,0,0,0,-,0,-,-,-,0.0,0.0,2019
66,김영규,NC,-,0,0,0,-,0,-,-,-,0.0,0.0,2019
67,김진성,NC,-,0,0,0,-,0,-,-,-,0.0,0.0,2019
68,김철호,NC,0.000,0,1,1,1.00,0,-,2.00,0.000,-0.2,0.0,2019
69,민태호,NC,-,0,0,0,-,0,-,-,-,0.0,0.0,2019
70,배재환,NC,-,0,0,0,-,0,-,-,-,0.0,0.0,2019
71,원종현,NC,-,0,0,0,-,0,-,-,-,0.0,0.0,2019
72,유영준,NC,0.000,0,3,0,-,0,0.00,3.00,0.000,-0.4,0.0,2019
73,유원상,NC,-,0,0,0,-,0,-,-,-,0.0,0.0,2019
74,윤지웅,NC,-,0,0,0,-,0,-,-,-,0.0,0.0,2019
75,이우석,NC,-,0,0,0,-,0,-,-,-,0.0,0.0,2019
76,전사민,NC,-,0,0,0,-,0,-,-,-,0.0,0.0,2019
77,최성영,NC,-,0,0,0,-,0,-,-,-,0.0,0.0,2019
78,홍성무,NC,-,0,0,0,-,0,-,-,-,0.0,0.0,2019
79,임재현,SK,0.667,0,0,0,-,0,0.00,3.67,0.000,0.9,0.467,2019
80,고종욱,SK,0.323,35,147,99,1.48,8,0.20,3.61,0.098,68.6,0.261,2019
81,최정,SK,0.292,56,82,190,0.43,14,0.75,3.85,0.227,107.1,0.309,2019
82,김재현,SK,0.286,3,8,11,0.73,0,0.36,3.61,0.095,6.1,0.252,2019
83,정의윤,SK,0.282,37,99,116,0.85,7,0.50,3.62,0.166,55.5,0.266,2019
84,로맥,SK,0.276,58,90,164,0.55,12,0.62,4.19,0.232,94.5,0.294,2019
85,김강민,SK,0.270,24,88,120,0.73,7,0.30,3.95,0.100,52.3,0.238,2019
86,이재원,SK,0.268,31,137,141,0.97,10,0.58,3.57,0.122,57.1,0.245,2019
87,한유섬,SK,0.265,32,108,106,1.02,7,0.55,4.00,0.131,65.7,0.268,2019
88,김성민,SK,0.250,0,0,0,-,0,0.00,4.00,0.000,0.2,0.175,2019
89,노수광,SK,0.250,19,121,102,1.19,3,0.68,3.96,0.062,45.7,0.228,2019
90,김성현,SK,0.246,19,148,133,1.11,3,0.77,3.47,0.054,37.0,0.211,2019
91,안상현,SK,0.235,3,29,22,1.32,1,0.14,3.76,0.029,6.4,0.184,2019
92,최항,SK,0.228,5,36,39,0.92,2,0.67,3.68,0.039,12.4,0.212,2019
93,남태혁,SK,0.227,0,8,6,1.33,0,0.67,3.96,0.000,0.5,0.188,2019
94,최승준,SK,0.227,0,4,3,1.33,0,0.20,3.54,0.000,1.2,0.188,2019
95,배영섭,SK,0.225,1,15,26,0.58,3,0.40,4.00,0.014,6.6,0.195,2019
96,나주환,SK,0.222,12,57,65,0.88,4,0.22,3.77,0.080,16.6,0.197,2019
97,최준우,SK,0.212,2,15,8,1.88,0,1.00,4.03,0.061,1.9,0.193,2019
98,박정권,SK,0.188,2,7,8,0.88,0,0.45,3.86,0.125,3.4,0.212,2019
99,정진기,SK,0.188,0,6,5,1.20,0,0.50,5.06,0.000,0.7,0.153,2019
100,김창평,SK,0.178,2,15,11,1.36,0,0.36,4.08,0.044,2.5,0.173,2019
101,강승호,SK,0.154,2,7,8,0.88,1,0.11,4.00,0.154,2.1,0.165,2019
102,허도환,SK,0.127,4,30,23,1.30,1,0.28,3.69,0.076,2.4,0.142,2019
103,정현,SK,0.079,0,10,9,1.11,0,0.35,4.53,0.000,0.1,0.11,2019
104,최경모,SK,0.063,1,5,8,0.63,0,0.00,3.31,0.063,-0.6,0.06,2019
105,김태훈,SK,-,0,0,0,-,0,-,-,-,0.0,0.0,2019
106,신재웅,SK,-,0,0,0,-,0,-,-,-,0.0,0.0,2019
107,오준혁,SK,0.000,0,0,0,-,0,0.00,3.00,0.000,-0.1,0.0,2019
108,이승진,SK,-,0,0,0,-,0,-,-,-,0.0,0.0,2019
109,이현석,SK,0.0,0,1,2,0.50,0,-,4.0,0.0,-0.3,0.0,2019
110,채현우,SK,0.0,0,0,0,-,0,0.00,4.0,0.0,0.1,0.0,2019
111,최민재,SK,0.0,0,1,1,1.00,0,-,3.0,0.0,-0.2,0.0,2019
112,페르난데스,두산,0.344,49,169,158,1.07,12,1.13,3.49,0.138,104.2,0.305,2019
113,박건우,두산,0.319,42,127,139,0.91,8,1.05,3.83,0.146,82.1,0.295,2019
114,이흥련,두산,0.310,3,11,6,1.83,0,0.17,3.64,0.095,5.1,0.255,2019
115,오재일,두산,0.293,51,76,159,0.48,13,0.56,3.73,0.201,84.0,0.29,2019
116,허경민,두산,0.288,30,148,165,0.90,9,0.94,3.50,0.082,63.4,0.25,2019
117,김재환,두산,0.283,40,111,142,0.78,11,0.56,3.57,0.152,82.7,0.271,2019
118,박세혁,두산,0.279,32,135,121,1.12,7,0.60,3.78,0.111,62.9,0.253,2019
119,최주환,두산,0.277,17,60,122,0.49,4,0.80,4.10,0.088,37.5,0.241,2019
120,김재호,두산,0.268,26,84,145,0.58,7,1.16,3.86,0.090,59.0,0.26,2019
121,정수빈,두산,0.265,24,145,124,1.17,5,0.95,3.98,0.066,59.1,0.242,2019
122,류지혁,두산,0.250,8,93,77,1.21,3,0.60,3.52,0.036,29.3,0.217,2019
123,김인태,두산,0.233,5,17,18,0.94,0,0.67,3.84,0.167,7.9,0.244,2019
124,이유찬,두산,0.231,0,3,4,0.75,0,0.00,3.23,0.000,1.5,0.162,2019
125,정진호,두산,0.208,1,27,25,1.08,1,0.46,3.77,0.031,7.3,0.191,2019
126,신성현,두산,0.195,1,9,12,0.75,0,0.71,3.74,0.073,6.3,0.225,2019
127,김경호,두산,0.192,1,5,9,0.56,0,0.00,3.37,0.038,0.8,0.144,2019
128,정병곤,두산,0.185,1,10,8,1.25,0,0.50,3.55,0.037,1.3,0.186,2019
129,국해성,두산,0.171,3,7,9,0.78,0,0.38,4.46,0.086,1.9,0.196,2019
130,장승현,두산,0.171,2,10,12,0.83,0,0.23,4.15,0.049,2.5,0.163,2019
131,백동훈,두산,0.170,2,12,11,1.09,0,0.25,3.48,0.043,2.2,0.166,2019
132,오재원,두산,0.164,12,51,47,1.09,0,0.50,3.91,0.107,13.8,0.188,2019
133,권혁,두산,-,0,0,0,-,0,-,-,-,0.0,0.0,2019
134,김대한,두산,0.000,0,2,4,0.50,0,0.33,4.33,0.000,-0.4,0.075,2019
135,김승회,두산,-,0,0,0,-,0,-,-,-,0.0,0.0,2019
136,김태근,두산,-,0,0,0,-,0,-,-,-,-0.5,0.0,2019
137,박유연,두산,0.000,0,0,0,-,0,0.00,4.00,0.000,-0.1,0.0,2019
138,배영수,두산,-,0,0,0,-,0,-,-,-,0.0,0.0,2019
139,서예일,두산,0.000,0,2,1,2.00,0,-,4.33,0.000,-0.3,0.0,2019
140,송승환,두산,0.000,0,0,1,0.00,0,0.00,3.50,0.000,-0.2,0.0,2019
141,이영하,두산,-,0,0,0,-,0,-,-,-,0.0,0.0,2019
142,전민재,두산,-,0,0,0,-,0,-,-,-,0.0,0.0,2019
143,함덕주,두산,-,0,0,0,-,0,-,-,-,0.0,0.0,2019
144,이정후,키움,0.336,47,167,178,0.94,6,1.13,3.72,0.120,92.6,0.288,2019
145,김하성,키움,0.307,59,113,188,0.60,10,0.88,3.75,0.183,104.7,0.298,2019
146,샌즈,키움,0.305,68,112,157,0.71,14,0.76,3.81,0.238,105.0,0.314,2019
147,서건창,키움,0.300,28,125,128,0.98,2,0.98,3.73,0.082,65.2,0.264,2019
148,박동원,키움,0.297,26,81,87,0.93,4,0.61,3.73,0.148,49.1,0.276,2019
149,이지영,키움,0.282,7,132,62,2.13,5,0.54,3.59,0.032,27.3,0.221,2019
150,박병호,키움,0.280,55,85,118,0.72,13,0.67,4.11,0.280,98.3,0.319,2019
151,김혜성,키움,0.276,23,99,72,1.38,5,0.34,3.63,0.086,45.2,0.24,2019
152,김웅빈,키움,0.273,1,4,2,2.00,2,0.00,3.73,0.091,0.2,0.214,2019
153,김지수,키움,0.267,2,5,10,0.50,0,0.29,4.00,0.067,2.7,0.224,2019
154,김규민,키움,0.248,12,54,47,1.15,1,0.32,3.75,0.086,24.2,0.229,2019
155,장영석,키움,0.247,22,103,105,0.98,6,0.35,4.04,0.097,39.0,0.226,2019
156,임병욱,키움,0.243,22,104,73,1.42,5,0.21,3.75,0.071,36.5,0.216,2019
157,허정협,키움,0.235,1,14,20,0.70,2,0.37,3.77,0.015,6.1,0.203,2019
158,송성문,키움,0.227,20,81,108,0.75,4,0.36,3.72,0.101,26.9,0.203,2019
159,주효상,키움,0.207,3,4,12,0.33,1,0.14,4.13,0.138,2.2,0.191,2019
160,박정음,키움,0.197,3,15,11,1.36,0,0.35,4.09,0.056,7.2,0.219,2019
161,예진원,키움,0.167,1,1,1,1.00,0,0.67,4.13,0.167,0.9,0.252,2019
162,임지열,키움,0.133,1,5,1,5.00,0,0.14,4.28,0.067,0.3,0.156,2019
163,김은성,키움,0.125,0,2,3,0.67,0,1.00,4.70,0.000,0.2,0.166,2019
164,김주형,키움,0.000,0,0,1,0.00,0,-,2.00,0.000,-0.1,0.0,2019
165,윤영삼,키움,-,0,0,0,-,0,-,-,-,0.0,0.0,2019
166,추재현,키움,0.000,0,0,1,0.00,0,-,4.00,0.000,-0.1,0.0,2019
0,로하스,KT,0.349,87,94,140,0.67,16,0.49,4.06,0.331,137.9,0.358,2020
1,강백호,KT,0.330,60,124,121,1.02,8,0.71,3.81,0.214,104.2,0.321,2020
2,황재균,KT,0.312,61,112,166,0.67,9,0.48,3.82,0.200,95.3,0.295,2020
3,조용호,KT,0.296,15,119,88,1.35,6,0.77,4.46,0.037,59.5,0.26,2020
4,배정대,KT,0.289,41,117,124,0.94,7,0.48,3.99,0.131,84.1,0.272,2020
5,박경수,KT,0.281,30,64,80,0.80,3,0.50,4.31,0.173,55.8,0.285,2020
6,유한준,KT,0.280,28,113,115,0.98,8,0.78,3.91,0.130,53.2,0.258,2020
7,장성우,KT,0.278,28,106,125,0.85,6,0.59,3.79,0.135,54.8,0.255,2020
8,허도환,KT,0.264,1,11,13,0.85,3,0.40,3.77,0.019,5.6,0.233,2020
9,박승욱,KT,0.264,6,17,28,0.61,1,0.30,3.77,0.091,15.4,0.246,2020
10,문상철,KT,0.260,13,33,40,0.83,2,0.26,3.55,0.201,22.1,0.257,2020
11,김민혁,KT,0.239,12,82,46,1.78,2,0.52,3.81,0.108,25.1,0.227,2020
12,심우준,KT,0.235,22,138,132,1.05,5,0.38,4.08,0.065,46.0,0.206,2020
13,강민국,KT,0.224,3,34,29,1.17,0,0.35,3.81,0.028,7.3,0.185,2020
14,천성호,KT,0.203,3,18,22,0.82,0,0.47,3.68,0.043,5.2,0.19,2020
15,강현우,KT,0.200,3,7,6,1.17,0,0.18,4.22,0.167,2.4,0.204,2020
16,송민섭,KT,0.195,3,3,18,0.17,0,0.38,3.82,0.146,4.9,0.217,2020
17,이홍구,KT,0.190,5,19,24,0.79,1,0.23,3.84,0.131,7.3,0.2,2020
18,김병희,KT,0.143,1,2,10,0.20,0,0.00,4.14,0.143,1.1,0.133,2020
19,김민,KT,-,0,0,0,-,0,-,-,-,0.0,0.0,2020
20,김민수,KT,-,0,0,0,-,0,-,-,-,0.0,0.0,2020
21,김성훈,KT,-,0,0,0,-,0,-,-,-,0.0,0.0,2020
22,김재윤,KT,-,0,0,0,-,0,-,-,-,0.0,0.0,2020
23,김태훈,KT,0.000,0,1,1,1.00,0,0.00,5.00,0.000,-0.3,0.0,2020
24,류희운,KT,-,0,0,0,-,0,-,-,-,0.0,0.0,2020
25,문상인,KT,0.000,0,0,1,0.00,0,0.00,3.00,0.000,-0.2,0.0,2020
26,박준혁,KT,0.000,0,1,0,-,0,0.00,4.00,0.000,-0.2,0.0,2020
27,안현준,KT,-,0,0,0,-,0,-,-,-,0.0,0.0,2020
28,유원상,KT,-,0,0,0,-,0,-,-,-,0.0,0.0,2020
29,이대은,KT,-,0,0,0,-,0,-,-,-,0.0,0.0,2020
30,이보근,KT,-,0,0,0,-,0,-,-,-,0.0,0.0,2020
31,이상화,KT,-,0,0,0,-,0,-,-,-,0.0,0.0,2020
32,이창재,KT,-,0,0,0,-,0,-,-,-,0.0,0.0,2020
33,전유수,KT,-,0,0,0,-,0,-,-,-,0.0,0.0,2020
34,정주후,KT,0.000,0,1,0,-,0,-,5.00,0.000,-0.1,0.225,2020
35,조병욱,KT,-,0,0,0,-,0,-,-,-,0.0,0.0,2020
36,주권,KT,-,0,0,0,-,0,-,-,-,0.0,0.0,2020
37,홍현빈,KT,0.000,0,8,5,1.60,0,1.00,4.21,0.000,-0.3,0.098,2020
38,손호영,LG,0.367,2,5,8,0.63,0,0.17,3.29,0.067,4.7,0.282,2020
39,김현수,LG,0.331,59,153,167,0.92,16,1.19,3.80,0.192,106.7,0.309,2020
40,신민재,LG,0.308,1,13,1,13.00,1,1.00,3.69,0.038,4.4,0.267,2020
41,오지환,LG,0.300,58,123,135,0.91,3,0.39,4.10,0.161,86.9,0.278,2020
42,박용택,LG,0.300,17,57,65,0.88,3,0.44,3.67,0.097,28.0,0.252,2020
43,이형종,LG,0.296,36,54,89,0.61,3,0.44,3.83,0.251,54.4,0.302,2020
44,채은성,LG,0.293,34,114,118,0.97,9,0.46,3.73,0.159,63.9,0.271,2020
45,홍창기,LG,0.279,40,113,97,1.16,7,0.95,4.37,0.137,74.3,0.289,2020
46,라모스,LG,0.278,57,71,108,0.66,6,0.40,4.05,0.313,90.3,0.311,2020
47,김용의,LG,0.271,3,18,19,0.95,0,0.20,3.64,0.086,7.5,0.223,2020
48,박재욱,LG,0.267,0,6,1,6.00,0,0.00,3.06,0.000,0.6,0.208,2020
49,김민성,LG,0.266,25,59,97,0.61,5,0.36,3.96,0.118,36.5,0.242,2020
50,유강남,LG,0.261,34,117,118,0.99,9,0.38,3.60,0.154,55.0,0.252,2020
51,이천웅,LG,0.256,16,103,91,1.13,2,0.80,3.93,0.077,37.9,0.233,2020
52,백승현,LG,0.250,1,9,4,2.25,0,0.50,3.36,0.036,3.7,0.235,2020
53,정주현,LG,0.247,18,89,97,0.92,2,0.46,3.84,0.091,34.8,0.225,2020
54,양석환,LG,0.246,8,21,43,0.49,1,0.40,4.32,0.119,14.0,0.233,2020
55,김호은,LG,0.243,7,29,35,0.83,2,0.50,3.68,0.107,10.7,0.224,2020
56,정근우,LG,0.240,5,48,47,1.02,3,0.74,3.49,0.045,15.6,0.216,2020
57,이성우,LG,0.234,4,28,17,1.65,2,0.43,3.88,0.130,7.7,0.221,2020
58,장준원,LG,0.217,4,23,18,1.28,1,0.86,3.74,0.100,5.5,0.207,2020
59,전민수,LG,0.200,0,0,2,0.00,0,0.50,5.33,0.000,0.5,0.2,2020
60,구본혁,LG,0.163,2,28,26,1.08,0,0.39,3.56,0.058,4.3,0.164,2020
61,이재원,LG,0.050,0,4,4,1.00,0,0.18,3.50,0.000,-0.6,0.074,2020
62,김대현,LG,-,0,0,0,-,0,-,-,-,0.0,0.0,2020
63,남호,LG,-,0,0,0,-,0,-,-,-,0.0,0.0,2020
64,류원석,LG,-,0,0,0,-,0,-,-,-,0.0,0.0,2020
65,박지규,LG,-,0,0,0,-,0,-,-,-,0.0,0.0,2020
66,백청훈,LG,-,0,0,0,-,0,-,-,-,0.0,0.0,2020
67,송은범,LG,-,0,0,0,-,0,-,-,-,0.0,0.0,2020
68,이우찬,LG,-,0,0,0,-,0,-,-,-,0.0,0.0,2020
69,이정용,LG,-,0,0,0,-,0,-,-,-,0.0,0.0,2020
70,이찬혁,LG,-,0,0,0,-,0,-,-,-,0.0,0.0,2020
71,정우영,LG,-,0,0,0,-,0,-,-,-,0.0,0.0,2020
72,진해수,LG,-,0,0,0,-,0,-,-,-,0.0,0.0,2020
73,최동환,LG,-,0,0,0,-,0,-,-,-,0.0,0.0,2020
74,최성훈,LG,-,0,0,0,-,0,-,-,-,0.0,0.0,2020
75,최재원,LG,0.000,0,2,0,-,0,0.00,5.17,0.000,-0.9,0.0,2020
76,한석현,LG,0.000,0,1,0,-,0,1.00,5.33,0.000,0.3,0.15,2020
77,김기환,NC,0.500,1,1,0,-,0,-,2.50,0.500,0.6,0.475,2020
78,이재율,NC,0.444,1,4,0,-,0,1.00,2.90,0.111,2.1,0.364,2020
79,박민우,NC,0.345,40,123,145,0.85,8,0.75,3.91,0.131,85.7,0.3,2020
80,양의지,NC,0.328,60,98,171,0.57,13,0.98,3.58,0.275,102.7,0.331,2020
81,나성범,NC,0.324,73,102,106,0.96,20,0.33,3.82,0.272,111.0,0.325,2020
82,강진성,NC,0.309,37,111,122,0.91,6,0.43,3.72,0.154,62.2,0.274,2020
83,박석민,NC,0.306,29,95,94,1.01,8,1.21,4.24,0.160,74.1,0.313,2020
84,이명기,NC,0.306,23,144,113,1.27,3,0.64,3.94,0.063,67.8,0.261,2020
85,김형준,NC,0.306,4,12,17,0.71,1,0.48,3.95,0.139,12.4,0.287,2020
86,모창민,NC,0.301,14,29,46,0.63,1,0.36,3.68,0.147,18.9,0.265,2020
87,김찬형,NC,0.297,6,20,15,1.33,1,0.36,3.71,0.094,9.1,0.252,2020
88,김태군,NC,0.292,7,31,36,0.86,0,0.43,3.46,0.080,14.4,0.249,2020
89,알테어,NC,0.278,58,83,122,0.68,9,0.31,3.79,0.263,92.8,0.294,2020
90,최정원,NC,0.275,4,12,4,3.00,0,0.54,4.06,0.125,6.8,0.272,2020
91,노진혁,NC,0.274,45,93,111,0.84,4,0.46,3.90,0.206,69.0,0.28,2020
92,권희동,NC,0.260,28,74,115,0.64,5,0.81,4.50,0.150,60.1,0.273,2020
93,이원재,NC,0.258,11,40,33,1.21,0,0.42,4.11,0.159,17.1,0.245,2020
94,윤수강,NC,0.250,0,1,0,-,0,0.00,3.25,0.000,0.2,0.175,2020
95,김성욱,NC,0.221,13,38,76,0.50,1,0.43,3.84,0.154,25.2,0.226,2020
96,김준완,NC,0.215,2,27,15,1.80,0,1.11,4.11,0.062,5.8,0.213,2020
97,지석훈,NC,0.207,9,25,40,0.63,0,0.45,3.94,0.091,11.6,0.21,2020
98,도태훈,NC,0.182,0,1,5,0.20,0,0.67,3.46,0.000,0.8,0.184,2020
99,박준영,NC,0.152,4,13,9,1.44,0,0.12,4.04,0.087,1.9,0.165,2020
100,이상호,NC,0.131,1,25,23,1.09,0,0.60,3.35,0.016,-0.5,0.114,2020
101,강동연,NC,-,0,0,0,-,0,-,-,-,0.0,0.0,2020
102,김건태,NC,-,0,0,0,-,0,-,-,-,0.0,0.0,2020
103,김진성,NC,-,0,0,0,-,0,-,-,-,0.0,0.0,2020
104,박시원,NC,0.000,0,1,0,-,0,-,5.00,0.000,-0.1,0.0,2020
105,배민서,NC,-,0,0,0,-,0,-,-,-,0.0,0.0,2020
106,배재환,NC,-,0,0,0,-,0,-,-,-,0.0,0.0,2020
107,서호철,NC,0.000,0,5,1,5.00,0,0.00,3.25,0.000,-0.7,0.0,2020
108,손정욱,NC,-,0,0,0,-,0,-,-,-,0.0,0.0,2020
109,송명기,NC,-,0,0,0,-,0,-,-,-,0.0,0.0,2020
110,원종현,NC,-,0,0,0,-,0,-,-,-,0.0,0.0,2020
111,유영준,NC,0.000,0,2,1,2.00,0,-,2.33,0.000,-0.3,0.0,2020
112,홍성무,NC,-,0,0,0,-,0,-,-,-,0.0,0.0,2020
113,페르난데스,두산,0.340,50,206,150,1.37,9,1.38,3.66,0.157,108.6,0.306,2020
114,허경민,두산,0.332,33,128,143,0.90,3,1.25,3.45,0.110,71.6,0.282,2020
115,오재일,두산,0.312,48,106,128,0.83,17,0.66,3.77,0.170,82.7,0.296,2020
116,최주환,두산,0.306,49,103,194,0.53,7,0.71,4.20,0.167,88.1,0.283,2020
117,박건우,두산,0.304,54,114,167,0.68,11,0.65,3.72,0.168,83.3,0.284,2020
118,정수빈,두산,0.298,30,164,129,1.27,3,0.98,3.84,0.098,72.7,0.265,2020
119,최용제,두산,0.295,1,13,10,1.30,1,0.50,3.20,0.045,4.8,0.245,2020
120,김재호,두산,0.289,18,120,126,0.95,4,1.00,3.97,0.057,50.3,0.249,2020
121,안권수,두산,0.270,0,11,12,0.92,0,0.40,3.51,0.000,3.3,0.203,2020
122,박세혁,두산,0.269,24,105,120,0.88,6,0.78,3.73,0.094,49.6,0.248,2020
123,김재환,두산,0.266,57,127,104,1.22,12,0.59,3.91,0.229,96.7,0.291,2020
124,조수행,두산,0.263,0,13,9,1.44,0,0.33,4.03,0.000,3.0,0.201,2020
125,권민석,두산,0.260,2,14,10,1.40,0,0.20,3.86,0.040,5.5,0.206,2020
126,이유찬,두산,0.258,3,15,27,0.56,0,0.56,4.37,0.045,12.6,0.241,2020
127,신성현,두산,0.250,1,0,0,-,0,1.00,5.71,0.250,1.4,0.382,2020
128,장승현,두산,0.250,3,4,5,0.80,0,0.17,3.18,0.150,1.7,0.243,2020
129,서예일,두산,0.240,2,5,8,0.63,0,0.43,3.90,0.080,3.1,0.22,2020
130,국해성,두산,0.233,4,20,26,0.77,1,0.29,3.62,0.116,8.6,0.216,2020
131,오재원,두산,0.232,13,32,40,0.80,1,0.33,4.18,0.155,19.0,0.232,2020
132,양찬열,두산,0.227,0,9,6,1.50,0,1.50,4.08,0.000,2.3,0.212,2020
133,김인태,두산,0.202,6,25,30,0.83,1,1.62,4.05,0.095,11.6,0.241,2020
134,백동훈,두산,0.188,1,5,4,1.25,0,0.25,3.16,0.063,1.5,0.205,2020
135,정상호,두산,0.163,6,19,25,0.76,0,0.07,3.38,0.070,1.3,0.139,2020
136,권휘,두산,-,0,0,0,-,0,-,-,-,0.0,0.0,2020
137,김강률,두산,-,0,0,0,-,0,-,-,-,0.0,0.0,2020
138,김민규,두산,-,0,0,0,-,0,-,-,-,0.0,0.0,2020
139,박지훈,두산,0.000,0,0,0,-,0,0.00,6.00,0.000,-0.2,0.0,2020
140,오명진,두산,0.000,0,2,1,2.00,0,0.00,4.25,0.000,-0.4,0.0,2020
141,윤명준,두산,-,0,0,0,-,0,-,-,-,0.0,0.0,2020
142,이승민,두산,0.000,0,0,0,-,0,0.00,3.00,0.000,-0.1,0.0,2020
143,이영하,두산,-,0,0,0,-,0,-,-,-,0.0,0.0,2020
144,이형범,두산,-,0,0,0,-,0,-,-,-,0.0,0.0,2020
145,조제영,두산,-,0,0,0,-,0,-,-,-,0.0,0.0,2020
146,함덕주,두산,-,0,0,0,-,0,-,-,-,0.0,0.0,2020
147,홍건희,두산,-,0,0,0,-,0,-,-,-,0.0,0.0,2020
148,임지열,키움,1.000,0,0,0,-,0,-,4.00,0.000,0.5,0.7,2020
149,김은성,키움,0.500,0,1,0,-,0,1.00,4.83,0.000,1.1,0.425,2020
150,이정후,키움,0.333,69,124,200,0.62,13,1.26,3.74,0.191,104.6,0.31,2020
151,이지영,키움,0.309,12,98,56,1.75,4,0.68,3.39,0.053,32.4,0.255,2020
152,김하성,키움,0.306,55,104,201,0.52,14,1.10,3.71,0.218,109.9,0.309,2020
153,김혜성,키움,0.285,37,140,127,1.10,5,0.49,3.96,0.114,70.8,0.255,2020
154,서건창,키움,0.277,38,142,160,0.89,6,1.57,3.97,0.110,83.2,0.272,2020
155,김웅빈,키움,0.275,21,41,47,0.87,0,0.26,4.06,0.179,30.8,0.264,2020
156,변상권,키움,0.274,6,17,9,1.89,3,0.05,4.00,0.129,6.3,0.227,2020
157,임병욱,키움,0.270,4,13,4,3.25,0,0.40,4.02,0.108,4.8,0.248,2020
158,허정협,키움,0.268,22,83,75,1.11,9,0.55,4.15,0.134,44.9,0.259,2020
159,러셀,키움,0.254,16,73,75,0.97,2,0.59,3.67,0.082,26.6,0.227,2020
160,박동원,키움,0.250,33,88,89,0.99,5,0.56,3.97,0.176,46.1,0.259,2020
161,박주홍,키움,0.250,2,4,4,1.00,0,0.10,4.68,0.083,1.8,0.209,2020
162,박준태,키움,0.245,19,74,71,1.04,1,0.54,4.07,0.086,55.2,0.258,2020
163,전병우,키움,0.237,24,69,107,0.64,4,0.37,3.81,0.120,41.8,0.229,2020
164,김주형,키움,0.233,4,6,17,0.35,0,0.40,3.80,0.140,5.3,0.24,2020
165,박병호,키움,0.223,28,53,81,0.65,7,0.50,4.38,0.227,55.5,0.271,2020
166,김규민,키움,0.208,4,34,23,1.48,0,0.21,3.87,0.069,6.6,0.182,2020
167,이택근,키움,0.193,5,16,9,1.78,0,0.33,4.06,0.088,4.3,0.197,2020
168,주효상,키움,0.190,4,21,22,0.95,2,0.50,3.99,0.048,7.5,0.193,2020
169,박정음,키움,0.186,1,12,9,1.33,1,0.14,3.79,0.047,3.9,0.173,2020
170,김수환,키움,0.182,1,3,1,3.00,0,0.20,4.42,0.091,0.3,0.181,2020
171,모터,키움,0.114,1,9,13,0.69,0,0.10,4.24,0.086,0.8,0.111,2020
172,김동혁,키움,-,0,0,0,-,0,-,-,-,0.0,0.0,2020
173,김병휘,키움,0.000,0,0,0,-,0,0.00,7.00,0.000,-0.1,0.0,2020
174,김상수,키움,-,0,0,0,-,0,-,-,-,0.0,0.0,2020
175,김성민,키움,-,0,0,0,-,0,-,-,-,0.0,0.0,2020
176,김재웅,키움,-,0,0,0,-,0,-,-,-,0.0,0.0,2020
177,김재현,키움,0.000,0,1,0,-,0,0.00,5.00,0.000,-0.3,0.0,2020
178,문찬종,키움,0.000,0,0,1,0.00,0,-,1.00,0.000,-0.1,0.0,2020
179,송우현,키움,0.000,0,3,5,0.60,0,0.50,3.87,0.000,-0.1,0.09,2020
180,신재영,키움,-,0,0,0,-,0,-,-,-,0.0,0.0,2020
181,안우진,키움,-,0,0,0,-,0,-,-,-,0.0,0.0,2020
182,양지율,키움,-,0,0,0,-,0,-,-,-,0.0,0.0,2020
183,양현,키움,-,0,0,0,-,0,-,-,-,0.0,0.0,2020
184,윤정현,키움,-,0,0,0,-,0,-,-,-,0.0,0.0,2020
185,임규빈,키움,-,0,0,0,-,0,-,-,-,0.0,0.0,2020
186,조상우,키움,-,0,0,0,-,0,-,-,-,0.0,0.0,2020
187,조성운,키움,-,0,0,0,-,0,-,-,-,0.0,0.0,2020
188,조영건,키움,-,0,0,0,-,0,-,-,-,0.0,0.0,2020
0,강백호,KT,0.347,57,131,129,1.02,11,1.21,4.20,0.174,117.6,0.333,2021
1,박승욱,KT,0.333,1,3,0,-,0,0.00,3.00,0.167,1.0,0.275,2021
2,김민혁,KT,0.320,9,49,42,1.17,1,0.77,3.82,0.076,26.8,0.277,2021
3,유한준,KT,0.309,21,77,88,0.88,5,1.29,3.86,0.110,48.0,0.289,2021
4,황재균,KT,0.291,28,88,145,0.61,5,0.50,4.02,0.110,65.1,0.262,2021
5,김병희,KT,0.288,8,9,13,0.69,1,0.87,4.00,0.346,15.5,0.364,2021
6,천성호,KT,0.286,1,14,7,2.00,1,0.33,3.43,0.024,5.3,0.24,2021
7,허도환,KT,0.276,8,28,20,1.40,3,0.29,3.77,0.114,13.3,0.25,2021
8,알몬테,KT,0.271,16,60,56,1.07,1,0.44,3.92,0.133,29.3,0.252,2021
9,심우준,KT,0.268,28,92,147,0.63,7,0.49,4.12,0.103,53.4,0.238,2021
10,배정대,KT,0.259,36,121,130,0.93,7,0.49,4.02,0.120,73.6,0.253,2021
11,권동진,KT,0.254,6,14,6,2.33,0,0.60,4.07,0.119,11.5,0.279,2021
12,강민국,KT,0.244,2,20,8,2.50,1,0.50,3.94,0.044,3.6,0.204,2021
13,오윤석,KT,0.244,15,34,43,0.79,0,0.57,3.95,0.140,23.9,0.257,2021
14,호잉,KT,0.239,23,67,83,0.81,8,0.50,3.78,0.178,37.5,0.245,2021
15,조용호,KT,0.236,15,145,102,1.42,5,0.87,4.30,0.037,48.6,0.225,2021
16,신본기,KT,0.236,9,53,36,1.47,1,0.49,3.91,0.063,17.6,0.225,2021
17,장성우,KT,0.231,27,113,117,0.97,10,0.87,3.95,0.143,49.6,0.245,2021
18,김태훈,KT,0.230,6,25,23,1.09,1,0.11,3.51,0.103,7.0,0.198,2021
19,송민섭,KT,0.229,0,8,7,1.14,0,0.55,4.09,0.000,8.7,0.23,2021
20,문상철,KT,0.219,8,17,25,0.68,1,0.24,3.73,0.125,10.1,0.217,2021
21,김건형,KT,0.212,1,13,7,1.86,0,1.00,3.72,0.030,3.5,0.21,2021
22,김준태,KT,0.195,9,27,38,0.71,0,0.45,4.25,0.133,13.9,0.215,2021
23,박경수,KT,0.192,19,41,76,0.54,4,0.45,4.08,0.155,25.3,0.222,2021
24,홍현빈,KT,0.182,0,1,0,-,0,0.00,4.75,0.000,-0.2,0.127,2021
25,이홍구,KT,0.164,1,9,10,0.90,0,0.07,3.83,0.055,0.6,0.14,2021
26,고명성,KT,0.000,0,0,1,0.00,0,-,1.00,0.000,-0.1,0.0,2021
27,고영표,KT,-,0,0,0,-,0,-,6.00,-,0.3,0.45,2021
28,김민수,KT,-,0,0,0,-,0,-,-,-,0.0,0.0,2021
29,김재윤,KT,-,0,0,0,-,0,-,-,-,0.0,0.0,2021
30,박시영,KT,-,0,0,0,-,0,-,-,-,0.0,0.0,2021
31,심재민,KT,-,0,0,0,-,0,-,-,-,0.0,0.0,2021
32,안영명,KT,-,0,0,0,-,0,-,-,-,0.0,0.0,2021
33,유원상,KT,-,0,0,0,-,0,-,-,-,0.0,0.0,2021
34,이대은,KT,-,0,0,0,-,0,-,-,-,0.0,0.0,2021
35,이창재,KT,-,0,0,0,-,0,-,-,-,0.0,0.0,2021
36,조현우,KT,-,0,0,0,-,0,-,-,-,0.0,0.0,2021
37,하준호,KT,-,0,0,0,-,0,-,-,-,0.0,0.0,2021
38,홍창기,LG,0.328,32,138,121,1.14,8,1.15,4.17,0.080,106.4,0.307,2021
39,이상호,LG,0.308,2,20,15,1.33,1,0.10,3.46,0.031,6.0,0.228,2021
40,한석현,LG,0.286,3,3,6,0.50,0,0.43,4.31,0.190,4.3,0.292,2021
41,김현수,LG,0.285,41,156,173,0.90,19,1.83,3.79,0.150,88.7,0.278,2021
42,채은성,LG,0.276,36,89,118,0.75,7,0.48,3.88,0.176,64.6,0.275,2021
43,오지환,LG,0.254,29,142,127,1.12,8,0.66,3.86,0.101,58.2,0.24,2021
44,서건창,LG,0.253,32,154,155,0.99,4,0.88,3.93,0.090,65.6,0.243,2021
45,유강남,LG,0.252,27,120,104,1.15,11,0.33,3.90,0.123,46.9,0.236,2021
46,이재원,LG,0.247,11,30,39,0.77,0,0.29,4.18,0.136,19.8,0.238,2021
47,라모스,LG,0.243,16,36,61,0.59,2,0.42,3.99,0.178,25.2,0.248,2021
48,이영빈,LG,0.243,11,33,29,1.14,4,0.29,3.99,0.101,17.7,0.232,2021
49,정주현,LG,0.238,11,56,50,1.12,1,0.75,3.79,0.099,20.3,0.231,2021
50,문보경,LG,0.230,20,80,72,1.11,1,0.72,4.22,0.133,37.5,0.242,2021
51,문성주,LG,0.228,2,26,21,1.24,1,0.47,3.79,0.051,7.5,0.206,2021
52,김민성,LG,0.222,30,91,121,0.75,1,0.58,4.19,0.128,42.7,0.228,2021
53,이형종,LG,0.218,21,46,76,0.61,3,0.52,4.12,0.172,30.9,0.247,2021
54,이성우,LG,0.212,0,13,5,2.60,0,0.13,3.90,0.000,1.3,0.159,2021
55,이천웅,LG,0.199,9,71,52,1.37,1,1.09,3.89,0.072,13.9,0.205,2021
56,보어,LG,0.170,5,26,30,0.87,3,0.37,4.12,0.110,9.2,0.189,2021
57,김주성,LG,0.167,1,1,1,1.00,0,0.33,4.29,0.500,1.3,0.295,2021
58,김용의,LG,0.148,2,11,8,1.38,0,1.80,3.63,0.074,4.6,0.213,2021
59,안익훈,LG,0.143,1,5,5,1.00,0,0.00,4.13,0.071,0.4,0.166,2021
60,김재성,LG,0.138,4,11,33,0.33,0,0.38,3.58,0.108,3.2,0.155,2021
61,구본혁,LG,0.132,2,12,16,0.75,0,0.43,4.58,0.053,2.1,0.138,2021
62,신민재,LG,0.130,0,8,6,1.33,0,0.67,4.11,0.000,1.1,0.149,2021
63,이주형,LG,0.125,0,2,5,0.40,0,0.14,3.95,0.000,0.4,0.131,2021
64,손호영,LG,0.100,0,2,5,0.40,0,0.50,3.58,0.000,0.4,0.138,2021
65,고우석,LG,-,0,0,0,-,0,-,-,-,0.0,0.0,2021
66,김지용,LG,-,0,0,0,-,0,-,-,-,0.0,0.0,2021
67,김진수,LG,-,0,0,0,-,0,-,-,-,0.0,0.0,2021
68,김호은,LG,0.000,0,4,1,4.00,0,0.00,4.56,0.000,-0.8,0.0,2021
69,류원석,LG,-,0,0,0,-,0,-,-,-,0.0,0.0,2021
70,이상규,LG,-,0,0,0,-,0,-,-,-,0.0,0.0,2021
71,이상영,LG,-,0,0,0,-,0,-,-,-,0.0,0.0,2021
72,이우찬,LG,-,0,0,0,-,0,-,-,-,0.0,0.0,2021
73,이정용,LG,-,0,0,0,-,0,-,-,-,0.0,0.0,2021
74,이찬혁,LG,-,0,0,0,-,0,-,-,-,0.0,0.0,2021
75,장준원,LG,0.000,0,1,2,0.50,0,-,1.00,0.000,-0.3,0.0,2021
76,진해수,LG,-,0,0,0,-,0,-,-,-,0.0,0.0,2021
77,채원후,LG,-,0,0,0,-,0,-,-,-,0.0,0.0,2021
78,최민창,LG,0.000,0,1,1,1.00,0,-,3.50,0.000,-0.2,0.0,2021
79,최성훈,LG,-,0,0,0,-,0,-,-,-,0.0,0.0,2021
80,박지훈,두산,0.333,1,3,2,1.50,0,0.33,3.57,0.083,2.4,0.297,2021
81,박건우,두산,0.325,39,111,132,0.84,3,0.69,3.70,0.116,78.9,0.29,2021
82,페르난데스,두산,0.315,39,170,171,0.99,4,1.86,3.48,0.128,87.0,0.287,2021
83,조수행,두산,0.286,4,21,13,1.62,0,0.62,4.08,0.083,16.9,0.28,2021
84,최용제,두산,0.279,3,27,28,0.96,1,0.52,3.89,0.029,13.1,0.237,2021
85,허경민,두산,0.278,30,175,131,1.34,6,1.03,3.76,0.088,51.8,0.243,2021
86,김재환,두산,0.274,52,109,114,0.96,15,0.64,4.01,0.227,91.3,0.297,2021
87,양석환,두산,0.273,50,79,147,0.54,12,0.31,3.98,0.217,80.1,0.274,2021
88,박계범,두산,0.267,18,87,84,1.04,7,0.65,4.12,0.090,45.3,0.255,2021
89,정수빈,두산,0.259,26,112,72,1.56,2,0.58,3.82,0.115,37.4,0.24,2021
90,김인태,두산,0.259,24,92,100,0.92,3,0.93,3.88,0.119,51.8,0.262,2021
91,안재석,두산,0.255,12,49,51,0.96,2,0.30,3.94,0.090,23.4,0.229,2021
92,전민재,두산,0.250,0,0,2,0.00,0,0.00,3.20,0.000,0.6,0.153,2021
93,강승호,두산,0.239,25,76,78,0.97,2,0.28,3.79,0.136,34.6,0.229,2021
94,안권수,두산,0.238,1,20,9,2.22,0,1.00,3.47,0.048,4.3,0.202,2021
95,장승현,두산,0.232,12,51,36,1.42,3,0.38,3.81,0.090,21.0,0.23,2021
96,박세혁,두산,0.219,12,77,68,1.13,1,0.51,4.02,0.051,19.9,0.201,2021
97,권민석,두산,0.214,2,3,1,3.00,0,0.14,4.20,0.143,1.2,0.209,2021
98,김재호,두산,0.209,9,56,80,0.70,3,0.85,3.91,0.052,18.6,0.203,2021
99,신성현,두산,0.182,0,2,1,2.00,0,0.50,4.60,0.000,1.5,0.226,2021
100,오재원,두산,0.167,3,19,24,0.79,2,0.33,3.90,0.042,2.8,0.155,2021
101,국해성,두산,0.125,0,3,2,1.50,0,0.00,4.38,0.000,-0.1,0.088,2021
102,권휘,두산,-,0,0,0,-,0,-,-,-,0.0,0.0,2021
103,김강률,두산,-,0,0,0,-,0,-,-,-,0.0,0.0,2021
104,김명신,두산,-,0,0,0,-,0,-,-,-,0.0,0.0,2021
105,김민규,두산,-,0,0,0,-,0,-,-,-,0.0,0.0,2021
106,김민혁,두산,0.000,0,3,1,3.00,0,1.00,4.25,0.000,0.1,0.113,2021
107,남호,두산,-,0,0,0,-,0,-,-,-,0.0,0.0,2021
108,문원,두산,-,0,0,0,-,0,-,-,-,0.0,0.0,2021
109,박성재,두산,0.000,0,0,0,-,0,0.00,8.00,0.000,-0.1,0.0,2021
110,박소준,두산,-,0,0,0,-,0,-,-,-,0.0,0.0,2021
111,박치국,두산,-,0,0,0,-,0,-,-,-,0.0,0.0,2021
112,백동훈,두산,0.000,0,0,1,0.00,0,0.00,3.00,0.000,-0.3,0.0,2021
113,서예일,두산,0.000,0,0,1,0.00,0,-,3.00,0.000,-0.1,0.0,2021
114,오명진,두산,0.000,0,2,0,-,0,0.00,4.33,0.000,-0.3,0.0,2021
115,윤명준,두산,-,0,0,0,-,0,-,-,-,0.0,0.0,2021
116,이교훈,두산,-,0,0,0,-,0,-,-,-,0.0,0.0,2021
117,이승진,두산,-,0,0,0,-,0,-,-,-,0.0,0.0,2021
118,이영하,두산,-,0,0,0,-,0,-,-,-,0.0,0.0,2021
119,홍건희,두산,-,0,0,0,-,0,-,-,-,0.0,0.0,2021
120,황경태,두산,0.000,0,0,0,-,0,0.00,5.00,0.000,-0.1,0.0,2021
121,김성표,삼성,0.333,0,3,2,1.50,0,0.71,4.21,0.000,3.6,0.298,2021
122,구자욱,삼성,0.306,62,122,169,0.72,9,0.49,3.87,0.214,103.8,0.292,2021
123,박해민,삼성,0.291,28,116,131,0.89,5,0.84,4.20,0.086,74.3,0.267,2021
124,강민호,삼성,0.291,40,129,113,1.14,12,0.85,3.60,0.187,66.6,0.282,2021
125,피렐라,삼성,0.286,56,143,166,0.86,10,0.64,3.76,0.210,96.3,0.285,2021
126,오재일,삼성,0.285,45,99,102,0.97,9,0.55,3.82,0.227,79.9,0.293,2021
127,김헌곤,삼성,0.281,14,111,76,1.46,2,0.74,4.08,0.076,41.7,0.249,2021
128,최영진,삼성,0.281,4,19,10,1.90,1,0.42,4.03,0.140,8.3,0.262,2021
129,김지찬,삼성,0.274,7,112,75,1.49,6,0.87,3.65,0.030,36.7,0.225,2021
130,김민수,삼성,0.263,8,24,21,1.14,1,0.46,3.67,0.184,11.2,0.255,2021
131,강한울,삼성,0.260,5,64,46,1.39,0,0.50,4.13,0.022,23.7,0.224,2021
132,김현준,삼성,0.250,0,1,2,0.50,0,-,3.25,0.000,-0.1,0.175,2021
133,김동엽,삼성,0.238,13,44,59,0.75,4,0.24,3.67,0.114,20.3,0.216,2021
134,김상수,삼성,0.235,21,147,134,1.10,6,1.02,3.90,0.065,43.1,0.219,2021
135,송준석,삼성,0.235,4,14,12,1.17,0,0.23,3.84,0.157,5.7,0.229,2021
136,이원석,삼성,0.231,28,77,158,0.49,7,0.75,3.91,0.115,53.5,0.24,2021
137,김호재,삼성,0.227,2,25,20,1.25,1,0.64,4.04,0.027,7.8,0.208,2021
138,오선진,삼성,0.214,0,14,11,1.27,0,0.38,4.02,0.000,2.1,0.181,2021
139,이학주,삼성,0.206,12,34,28,1.21,1,0.23,4.16,0.129,13.8,0.208,2021
140,박승규,삼성,0.182,4,24,21,1.14,0,1.00,3.73,0.152,6.3,0.218,2021
141,김성윤,삼성,0.167,0,7,4,1.75,0,0.00,3.32,0.000,0.2,0.113,2021
142,김도환,삼성,0.146,2,7,8,0.88,0,0.10,4.07,0.049,1.2,0.149,2021
143,권정웅,삼성,0.000,0,1,0,-,0,-,6.00,0.000,-0.1,0.0,2021
144,김윤수,삼성,-,0,0,0,-,0,-,-,-,0.0,0.0,2021
145,김응민,삼성,0.000,0,1,1,1.00,0,-,3.50,0.000,-0.2,0.0,2021
146,노건우,삼성,-,0,0,0,-,0,-,-,-,0.0,0.0,2021
147,문용익,삼성,-,0,0,0,-,0,-,-,-,0.0,0.0,2021
148,백승민,삼성,0.000,0,1,0,-,0,0.00,4.67,0.000,-0.3,0.0,2021
149,안주형,삼성,-,0,0,0,-,0,-,-,-,0.0,0.0,2021
150,오승환,삼성,-,0,0,0,-,0,-,-,-,0.0,0.0,2021
151,이재익,삼성,-,0,0,0,-,0,-,-,-,0.0,0.0,2021
152,이태훈,삼성,0.000,0,0,1,0.00,0,0.00,3.50,0.000,-0.2,0.0,2021
153,이정후,키움,0.360,55,131,138,0.95,7,1.68,3.94,0.162,100.8,0.328,2021
154,김혜성,키움,0.304,26,165,137,1.20,7,0.67,4.01,0.063,88.0,0.259,2021
155,이용규,키움,0.296,25,152,131,1.16,5,1.54,4.24,0.076,76.0,0.27,2021
156,송우현,키움,0.296,22,76,52,1.46,3,0.57,3.71,0.120,37.3,0.271,2021
157,김은성,키움,0.278,3,5,2,2.50,0,0.00,3.44,0.167,1.9,0.236,2021
158,이지영,키움,0.275,6,102,53,1.92,4,1.12,3.50,0.030,22.6,0.224,2021
159,프레이타스,키움,0.259,12,40,35,1.14,3,0.24,3.70,0.115,13.1,0.227,2021
160,박동원,키움,0.249,43,105,94,1.12,11,0.46,4.06,0.211,65.6,0.269,2021
161,송성문,키움,0.249,17,58,85,0.68,4,0.60,3.76,0.122,30.5,0.237,2021
162,크레익,키움,0.248,18,51,74,0.69,3,0.47,3.67,0.135,27.0,0.24,2021
163,김웅빈,키움,0.241,20,54,51,1.06,2,0.47,4.16,0.142,35.0,0.257,2021
164,변상권,키움,0.239,9,55,29,1.90,1,0.23,3.76,0.082,14.5,0.204,2021
165,박병호,키움,0.227,43,77,105,0.73,9,0.33,4.05,0.203,60.2,0.253,2021
166,김수환,키움,0.220,4,7,9,0.78,0,0.12,3.91,0.195,4.1,0.216,2021
167,김재현,키움,0.217,7,14,10,1.40,0,0.25,3.57,0.152,3.6,0.212,2021
168,김병휘,키움,0.200,0,1,5,0.20,0,0.50,3.27,0.000,0.6,0.173,2021
169,박준태,키움,0.196,3,13,8,1.63,0,0.63,4.05,0.065,6.0,0.228,2021
170,전병우,키움,0.187,14,33,59,0.56,1,0.40,4.10,0.121,26.1,0.221,2021
171,김주형,키움,0.180,3,12,14,0.86,1,0.27,3.70,0.060,7.4,0.235,2021
172,신준우,키움,0.167,3,5,10,0.50,0,0.19,3.84,0.071,2.9,0.186,2021
173,이명기,키움,0.167,0,1,1,1.00,0,0.67,4.38,0.000,0.7,0.211,2021
174,예진원,키움,0.158,8,26,43,0.60,1,0.43,3.89,0.096,7.1,0.175,2021
175,허정협,키움,0.156,0,11,17,0.65,0,0.70,3.83,0.000,2.0,0.16,2021
176,문찬종,키움,0.143,0,4,4,1.00,0,0.75,4.41,0.000,0.5,0.168,2021
177,김휘집,키움,0.129,2,16,23,0.70,0,0.57,4.21,0.057,5.8,0.172,2021
178,임지열,키움,0.120,0,5,7,0.71,0,0.40,3.77,0.000,0.5,0.15,2021
179,박주홍,키움,0.106,2,12,9,1.33,0,0.43,4.54,0.043,1.5,0.15,2021
180,이주형,키움,0.100,1,2,0,-,0,0.14,4.27,0.300,0.9,0.182,2021
181,김동욱,키움,-,0,0,0,-,0,-,-,-,0.0,0.0,2021
182,김성민,키움,-,0,0,0,-,0,-,-,-,0.0,0.0,2021
183,김성진,키움,-,0,0,0,-,0,-,-,-,0.0,0.0,2021
184,김재웅,키움,-,0,0,0,-,0,-,-,-,0.0,0.0,2021
185,김정인,키움,-,0,0,0,-,0,-,-,-,0.0,0.0,2021
186,김태훈,키움,-,0,0,0,-,0,-,-,-,0.0,0.0,2021
187,문성현,키움,-,0,0,0,-,0,-,-,-,0.0,0.0,2021
188,박관진,키움,-,0,0,0,-,0,-,-,-,0.0,0.0,2021
189,박승주,키움,-,0,0,0,-,0,-,-,-,0.0,0.0,2021
190,박정음,키움,0.000,0,6,6,1.00,0,0.67,3.61,0.000,-0.2,0.075,2021
191,양현,키움,-,0,0,0,-,0,-,-,-,0.0,0.0,2021
192,오주원,키움,-,0,0,0,-,0,-,-,-,0.0,0.0,2021
193,윤정현,키움,-,0,0,0,-,0,-,-,-,0.0,0.0,2021
194,이승호,키움,-,0,0,0,-,0,-,-,-,0.0,0.0,2021
195,장재영,키움,-,0,0,0,-,0,-,-,-,0.0,0.0,2021
196,조상우,키움,-,0,0,0,-,0,-,-,-,0.0,0.0,2021
197,조영건,키움,-,0,0,0,-,0,-,-,-,0.0,0.0,2021
0,권혁경,KIA,0.500,0,0,1,0.00,0,-,5.50,0.000,0.4,0.35,2022
1,김선우,KIA,0.333,0,1,1,1.00,0,-,2.75,0.000,0.7,0.308,2022
2,박정우,KIA,0.333,0,0,1,0.00,0,0.00,3.33,0.000,0.3,0.233,2022
3,나성범,KIA,0.320,62,117,134,0.87,9,0.47,3.75,0.188,110.9,0.308,2022
4,소크라테스,KIA,0.311,53,125,152,0.82,8,0.42,3.65,0.183,82.8,0.283,2022
5,이창진,KIA,0.301,21,102,81,1.26,2,0.65,4.03,0.101,52.3,0.269,2022
6,이우성,KIA,0.292,8,42,23,1.83,1,0.60,3.93,0.083,14.1,0.256,2022
7,김선빈,KIA,0.287,26,182,134,1.36,6,1.38,3.96,0.063,69.7,0.255,2022
8,고종욱,KIA,0.283,10,32,23,1.39,2,0.33,3.91,0.142,13.8,0.253,2022
9,류지혁,KIA,0.274,23,130,83,1.57,8,0.67,3.93,0.072,55.6,0.253,2022
10,김호령,KIA,0.273,3,15,19,0.79,0,0.32,3.82,0.078,8.1,0.238,2022
11,박찬호,KIA,0.272,26,160,139,1.15,8,0.85,4.00,0.069,67.1,0.24,2022
12,최형우,KIA,0.264,42,114,130,0.88,6,0.79,4.22,0.156,71.1,0.27,2022
13,황대인,KIA,0.256,41,121,146,0.83,8,0.39,3.53,0.145,56.4,0.242,2022
14,박동원,KIA,0.242,39,104,94,1.11,6,0.47,4.10,0.195,56.5,0.259,2022
15,김도영,KIA,0.237,18,48,62,0.77,0,0.35,4.00,0.125,27.3,0.231,2022
16,김규성,KIA,0.180,2,15,14,1.07,0,0.08,3.31,0.100,2.6,0.158,2022
17,한승택,KIA,0.176,3,26,29,0.90,0,0.30,3.76,0.049,6.5,0.174,2022
18,김석환,KIA,0.149,5,27,21,1.29,1,0.31,4.23,0.117,6.9,0.18,2022
19,최정용,KIA,0.091,0,7,7,1.00,0,0.00,3.43,0.000,-0.8,0.064,2022
20,임석진,KIA,0.071,1,3,1,3.00,0,0.22,4.94,0.214,0.8,0.177,2022
21,김재열,KIA,-,0,0,0,-,0,-,-,-,0.0,0.0,2022
22,나지완,KIA,0.000,0,0,1,0.00,0,-,5.00,0.000,-0.1,0.0,2022
23,류승현,KIA,0.000,0,1,1,1.00,0,0.00,3.67,0.000,-0.3,0.0,2022
24,박민,KIA,0.000,0,1,1,1.00,0,-,2.50,0.000,-0.2,0.0,2022
25,신범수,KIA,0.000,0,1,1,1.00,0,0.00,5.67,0.000,-0.3,0.0,2022
26,이정훈,KIA,0.000,0,3,2,1.50,0,0.67,5.30,0.000,-0.1,0.09,2022
27,문상준,KT,0.333,1,0,0,-,0,0.00,3.67,0.333,0.5,0.317,2022
28,전진영,KT,0.333,0,0,2,0.00,0,-,3.67,0.000,0.3,0.233,2022
29,조용호,KT,0.308,25,134,123,1.09,9,0.66,3.97,0.074,68.9,0.264,2022
30,알포드,KT,0.286,34,45,71,0.63,9,0.37,4.06,0.223,52.4,0.29,2022
31,김민혁,KT,0.284,12,121,87,1.39,5,0.60,3.68,0.038,41.2,0.238,2022
32,박병호,KT,0.275,52,75,111,0.68,11,0.31,3.93,0.284,83.6,0.297,2022
33,김준태,KT,0.273,21,46,48,0.96,0,0.43,4.21,0.130,34.8,0.263,2022
34,배정대,KT,0.266,32,117,134,0.87,9,0.43,4.12,0.091,67.7,0.242,2022
35,황재균,KT,0.262,38,132,154,0.86,4,0.54,3.82,0.118,63.2,0.246,2022
36,장성우,KT,0.260,29,83,109,0.76,10,0.66,4.05,0.180,56.7,0.269,2022
37,라모스,KT,0.250,5,17,20,0.85,1,0.22,3.74,0.167,9.6,0.241,2022
38,장준원,KT,0.246,5,15,11,1.36,0,0.18,3.48,0.193,5.7,0.237,2022
39,강백호,KT,0.245,18,66,71,0.93,4,0.52,4.11,0.127,27.4,0.233,2022
40,심우준,KT,0.240,14,104,120,0.87,4,0.57,4.31,0.062,42.6,0.218,2022
41,홍현빈,KT,0.237,2,24,8,3.00,1,0.38,4.22,0.026,8.0,0.212,2022
42,오윤석,KT,0.234,19,73,83,0.88,7,0.49,3.84,0.108,34.5,0.231,2022
43,문상철,KT,0.224,5,10,11,0.91,0,0.18,4.00,0.184,4.9,0.223,2022
44,유준규,KT,0.214,0,2,3,0.67,0,0.17,3.63,0.000,0.8,0.174,2022
45,김병희,KT,0.203,3,14,20,0.70,0,0.27,3.76,0.068,5.4,0.2,2022
46,신본기,KT,0.182,4,40,32,1.25,1,0.36,3.80,0.050,5.9,0.172,2022
47,송민섭,KT,0.156,3,20,15,1.33,0,0.26,3.75,0.078,2.5,0.156,2022
48,이시원,KT,0.133,0,6,3,2.00,0,0.00,3.81,0.000,0.5,0.118,2022
49,권동진,KT,0.132,2,13,4,3.25,0,0.06,3.83,0.079,1.3,0.122,2022
50,박경수,KT,0.120,6,26,51,0.51,0,0.34,4.63,0.072,7.6,0.154,2022
51,고명성,KT,-,0,0,0,-,0,-,-,-,0.0,0.0,2022
52,김재윤,KT,-,0,0,0,-,0,-,-,-,0.0,0.0,2022
53,김태훈,KT,0.000,0,3,5,0.60,0,0.00,3.90,0.000,-0.9,0.0,2022
54,문상인,KT,0.000,0,1,0,-,0,0.00,3.67,0.000,-0.7,0.0,2022
55,박영현,KT,-,0,0,0,-,0,-,-,-,0.0,0.0,2022
56,배제성,KT,-,0,0,0,-,0,-,-,-,0.0,0.0,2022
57,심재민,KT,-,0,0,0,-,0,-,-,-,0.0,0.0,2022
58,양승혁,KT,0.000,0,3,1,3.00,0,0.00,3.20,0.000,-0.6,0.0,2022
59,이상우,KT,-,0,0,0,-,0,-,-,-,0.0,0.0,2022
60,이정현,KT,-,0,0,0,-,0,-,-,-,0.0,0.0,2022
61,조대현,KT,0.000,0,1,0,-,0,0.00,4.00,0.000,-0.4,0.0,2022
62,주권,KT,-,0,0,0,-,0,-,-,-,0.0,0.0,2022
63,지명성,KT,-,0,0,0,-,0,-,-,-,0.0,0.0,2022
64,문보경,LG,0.315,34,124,105,1.18,7,0.84,3.73,0.135,69.7,0.285,2022
65,문성주,LG,0.303,24,116,77,1.51,3,1.42,3.81,0.119,53.0,0.286,2022
66,채은성,LG,0.296,40,115,137,0.84,11,0.31,3.71,0.141,69.8,0.269,2022
67,박해민,LG,0.289,31,158,168,0.94,9,0.52,4.01,0.079,78.4,0.248,2022
68,김현수,LG,0.286,50,145,170,0.85,17,1.15,3.76,0.187,93.6,0.287,2022
69,홍창기,LG,0.286,24,154,88,1.75,8,0.79,4.10,0.069,66.7,0.264,2022
70,오지환,LG,0.269,45,135,122,1.11,11,0.58,4.07,0.200,84.1,0.278,2022
71,이형종,LG,0.264,3,13,19,0.68,1,0.50,3.81,0.057,7.3,0.226,2022
72,손호영,LG,0.257,5,22,20,1.10,1,0.43,3.73,0.176,9.1,0.247,2022
73,유강남,LG,0.255,24,102,112,0.91,4,0.35,3.93,0.096,48.2,0.234,2022
74,이상호,LG,0.250,2,31,17,1.82,1,0.67,3.51,0.028,5.5,0.204,2022
75,허도환,LG,0.247,6,24,14,1.71,0,0.08,3.97,0.094,7.3,0.212,2022
76,송찬의,LG,0.236,7,11,21,0.52,0,0.08,3.82,0.181,9.2,0.231,2022
77,이재원,LG,0.224,23,44,52,0.85,2,0.23,3.72,0.229,33.0,0.255,2022
78,서건창,LG,0.224,13,58,69,0.84,1,0.45,3.99,0.082,20.7,0.211,2022
79,김기연,LG,0.222,0,2,2,1.00,0,0.00,3.89,0.000,0.3,0.155,2022
80,한석현,LG,0.222,0,2,2,1.00,0,0.00,3.40,0.000,0.1,0.155,2022
81,김민성,LG,0.207,7,40,45,0.89,1,0.37,3.76,0.093,11.1,0.198,2022
82,가르시아,LG,0.206,11,24,44,0.55,3,0.48,4.34,0.147,15.3,0.227,2022
83,이천웅,LG,0.200,0,7,6,1.17,0,1.00,3.52,0.000,1.6,0.187,2022
84,최민창,LG,0.200,0,3,0,-,0,0.00,3.20,0.000,0.1,0.14,2022
85,이영빈,LG,0.184,4,18,19,0.95,0,0.28,3.46,0.079,4.1,0.18,2022
86,루이즈,LG,0.155,6,36,23,1.57,1,0.69,3.69,0.107,4.1,0.171,2022
87,고우석,LG,0.000,0,1,0,-,0,-,4.00,0.000,-0.1,0.0,2022
88,김진성,LG,-,0,0,0,-,0,-,-,-,0.0,0.0,2022
89,김호은,LG,0.000,0,1,0,-,0,0.00,4.00,0.000,-0.2,0.0,2022
90,박용택,LG,-,0,0,0,-,0,-,-,-,0.0,0.0,2022
91,박재욱,LG,-,0,0,0,-,0,-,-,-,0.0,0.0,2022
92,배재준,LG,-,0,0,0,-,0,-,-,-,0.0,0.0,2022
93,백승현,LG,-,0,0,0,-,0,-,-,-,0.0,0.0,2022
94,송승기,LG,-,0,0,0,-,0,-,-,-,0.0,0.0,2022
95,송은범,LG,-,0,0,0,-,0,-,-,-,0.0,0.0,2022
96,신민재,LG,0.000,0,2,1,2.00,0,-,4.33,0.000,-0.6,0.0,2022
97,안익훈,LG,0.000,0,1,2,0.50,0,-,5.25,0.000,0.1,0.113,2022
98,정우영,LG,-,0,0,0,-,0,-,-,-,0.0,0.0,2022
99,진해수,LG,-,0,0,0,-,0,-,-,-,0.0,0.0,2022
100,채원후,LG,-,0,0,0,-,0,-,-,-,0.0,0.0,2022
101,최동환,LG,-,0,0,0,-,0,-,-,-,0.0,0.0,2022
102,최성훈,LG,-,0,0,0,-,0,-,-,-,0.0,0.0,2022
103,함덕주,LG,-,0,0,0,-,0,-,-,-,0.0,0.0,2022
104,허준혁,LG,-,0,0,0,-,0,-,-,-,0.0,0.0,2022
105,라가레스,SSG,0.315,15,50,59,0.85,1,0.78,3.82,0.149,29.8,0.279,2022
106,최지훈,SSG,0.304,46,151,172,0.88,9,0.61,3.63,0.123,90.0,0.27,2022
107,김강민,SSG,0.303,16,47,39,1.21,1,0.46,3.70,0.146,28.9,0.281,2022
108,최경모,SSG,0.301,2,17,16,1.06,0,0.06,3.51,0.027,7.1,0.222,2022
109,박성한,SSG,0.298,30,156,112,1.39,7,0.74,3.99,0.077,70.7,0.262,2022
110,이정범,SSG,0.273,0,5,1,5.00,0,0.00,3.45,0.000,0.8,0.191,2022
111,최정,SSG,0.266,47,72,142,0.51,9,0.69,3.92,0.239,85.1,0.3,2022
112,한유섬,SSG,0.264,55,114,91,1.25,15,0.48,4.02,0.214,82.7,0.287,2022
113,추신수,SSG,0.259,37,101,106,0.95,5,0.71,4.09,0.171,73.8,0.279,2022
114,최준우,SSG,0.250,0,4,3,1.33,0,1.00,3.63,0.000,2.1,0.231,2022
115,전의산,SSG,0.249,29,47,51,0.92,3,0.29,3.73,0.232,35.1,0.262,2022
116,오태곤,SSG,0.232,19,56,81,0.69,5,0.22,3.55,0.106,28.1,0.216,2022
117,오준혁,SSG,0.230,2,15,17,0.88,0,0.33,3.43,0.033,3.4,0.195,2022
118,김재현,SSG,0.222,1,6,5,1.20,0,0.00,3.50,0.056,0.3,0.169,2022
119,석정우,SSG,0.222,0,3,1,3.00,0,0.00,2.89,0.000,0.0,0.155,2022
120,크론,SSG,0.222,25,49,76,0.64,7,0.13,3.88,0.198,27.6,0.22,2022
121,김민식,SSG,0.221,12,46,85,0.54,4,0.71,3.90,0.077,24.4,0.218,2022
122,김성현,SSG,0.219,12,114,89,1.28,7,0.86,3.46,0.056,24.1,0.202,2022
123,하재훈,SSG,0.215,13,20,26,0.77,2,0.10,3.65,0.243,13.7,0.225,2022
124,최주환,SSG,0.211,25,65,117,0.56,4,0.53,4.06,0.151,32.5,0.22,2022
125,이재원,SSG,0.201,10,72,74,0.97,0,0.57,3.43,0.077,19.4,0.203,2022
126,조형우,SSG,0.167,1,4,3,1.33,0,0.33,3.31,0.083,0.6,0.166,2022
127,안상현,SSG,0.158,2,14,6,2.33,1,0.42,3.36,0.158,3.7,0.202,2022
128,이현석,SSG,0.133,0,3,5,0.60,0,0.00,3.60,0.000,-0.6,0.093,2022
129,이흥련,SSG,0.133,2,9,8,1.13,0,0.23,3.96,0.044,1.5,0.157,2022
130,최항,SSG,0.100,0,4,8,0.50,0,0.29,3.83,0.000,0.7,0.119,2022
131,최상민,SSG,0.071,0,7,2,3.50,1,0.75,4.06,0.000,0.6,0.124,2022
132,고효준,SSG,-,0,0,0,-,0,-,-,-,0.0,0.0,2022
133,김규남,SSG,0.000,0,1,2,0.50,0,0.00,3.80,0.000,-0.8,0.0,2022
134,김택형,SSG,-,0,0,0,-,0,-,-,-,0.0,0.0,2022
135,박민호,SSG,-,0,0,0,-,0,-,-,-,0.0,0.0,2022
136,서동민,SSG,-,0,0,0,-,0,-,-,-,0.0,0.0,2022
137,전경원,SSG,0.000,0,1,0,-,0,-,2.00,0.000,-0.1,0.0,2022
138,조요한,SSG,-,0,0,0,-,0,-,-,-,0.0,0.0,2022
139,최민준,SSG,-,0,0,0,-,0,-,-,-,0.0,0.0,2022
140,이정후,키움,0.349,69,154,177,0.87,15,2.06,3.69,0.226,120.2,0.333,2022
141,김혜성,키움,0.318,29,165,107,1.54,5,0.57,3.87,0.085,78.5,0.269,2022
142,푸이그,키움,0.277,51,88,158,0.56,8,0.58,3.83,0.197,83.4,0.284,2022
143,임지열,키움,0.275,7,23,31,0.74,0,0.23,4.11,0.069,15.7,0.235,2022
144,김태진,키움,0.268,6,94,63,1.49,2,0.57,3.80,0.028,23.3,0.216,2022
145,이지영,키움,0.267,19,158,106,1.49,6,0.45,3.37,0.064,36.4,0.219,2022
146,이명기,키움,0.250,0,1,0,-,0,0.00,3.25,0.000,0.2,0.175,2022
147,이재홍,키움,0.250,0,0,1,0.00,0,0.00,3.00,0.000,0.2,0.175,2022
148,송성문,키움,0.247,38,156,198,0.79,11,0.69,3.57,0.124,63.4,0.229,2022
149,김웅빈,키움,0.226,7,32,19,1.68,2,0.34,3.81,0.087,11.7,0.225,2022
150,박주홍,키움,0.224,2,15,5,3.00,0,0.44,4.09,0.061,5.0,0.221,2022
151,김휘집,키움,0.222,21,57,91,0.63,6,0.34,4.26,0.114,40.9,0.231,2022
152,박찬혁,키움,0.211,11,24,36,0.67,0,0.13,3.92,0.143,15.8,0.212,2022
153,김재현,키움,0.207,5,26,21,1.24,1,0.11,3.53,0.085,4.7,0.178,2022
154,전병우,키움,0.203,12,39,51,0.76,5,0.25,3.90,0.112,18.6,0.208,2022
155,김주형,키움,0.200,9,34,26,1.31,0,0.14,3.70,0.109,10.8,0.215,2022
156,이용규,키움,0.199,6,113,64,1.77,3,1.07,4.42,0.022,25.8,0.202,2022
157,김준완,키움,0.192,13,108,80,1.35,3,0.90,4.59,0.054,35.3,0.214,2022
158,이병규,키움,0.184,2,15,5,3.00,0,0.18,4.20,0.079,2.2,0.167,2022
159,김수환,키움,0.179,10,24,36,0.67,2,0.38,4.08,0.129,15.4,0.21,2022
160,이주형,키움,0.169,1,20,13,1.54,2,0.37,3.98,0.042,6.2,0.185,2022
161,박준태,키움,0.157,5,11,15,0.73,1,0.33,4.43,0.100,6.2,0.194,2022
162,신준우,키움,0.140,3,9,9,1.00,0,0.37,3.65,0.070,3.3,0.182,2022
163,예진원,키움,0.100,0,4,2,2.00,0,1.00,3.93,0.000,0.7,0.164,2022
164,김시앙,키움,0.083,0,2,1,2.00,0,0.13,4.00,0.000,-0.5,0.09,2022
165,강민국,키움,0.000,0,1,1,1.00,1,1.00,3.75,0.000,0.1,0.113,2022
166,김성진,키움,-,0,0,0,-,0,-,-,-,0.0,0.0,2022
167,김태훈,키움,-,0,0,0,-,0,-,-,-,0.0,0.0,2022
168,노운현,키움,-,0,0,0,-,0,-,-,-,0.0,0.0,2022
169,박승주,키움,-,0,0,0,-,0,-,-,-,0.0,0.0,2022
170,박주성,키움,-,0,0,0,-,0,-,-,-,0.0,0.0,2022
171,애플러,키움,-,0,0,0,-,0,-,-,-,0.0,0.0,2022
172,하영민,키움,-,0,0,0,-,0,-,-,-,0.0,0.0,2022
0,김민혁,KT,0.297,26,136,100,1.36,8,0.75,3.63,0.088,57.0,0.256,2023
1,황재균,KT,0.295,34,96,128,0.75,7,0.70,3.86,0.118,56.2,0.268,2023
2,정준영,KT,0.292,2,15,8,1.88,0,0.27,3.82,0.042,5.1,0.233,2023
3,안치영,KT,0.290,4,40,14,2.86,2,0.17,3.74,0.040,14.8,0.232,2023
4,알포드,KT,0.289,49,77,135,0.57,11,0.34,4.02,0.167,79.6,0.274,2023
5,장성우,KT,0.288,33,91,138,0.66,4,0.60,3.85,0.134,60.3,0.263,2023
6,박병호,KT,0.283,33,96,107,0.90,14,0.40,3.85,0.160,70.7,0.271,2023
7,이호연,KT,0.278,9,62,51,1.22,4,0.39,3.71,0.075,24.9,0.241,2023
8,배정대,KT,0.277,18,67,87,0.77,1,0.50,3.98,0.071,44.0,0.247,2023
9,김상수,KT,0.271,23,128,130,0.98,6,0.81,4.20,0.068,54.7,0.244,2023
10,강백호,KT,0.265,19,60,62,0.97,6,0.56,4.17,0.151,36.7,0.26,2023
11,문상철,KT,0.260,29,61,89,0.69,6,0.20,3.87,0.155,38.8,0.238,2023
12,오윤석,KT,0.251,18,56,49,1.14,1,0.30,3.80,0.136,22.3,0.238,2023
13,박민석,KT,0.250,0,0,0,-,0,0.00,5.75,0.000,0.2,0.175,2023
14,조용호,KT,0.248,2,46,50,0.92,0,0.92,4.26,0.012,16.8,0.219,2023
15,홍현빈,KT,0.233,2,14,21,0.67,0,0.62,4.55,0.027,7.8,0.222,2023
16,김준태,KT,0.209,7,29,30,0.97,0,0.59,4.10,0.113,13.2,0.227,2023
17,신본기,KT,0.204,3,22,17,1.29,0,1.75,4.29,0.093,8.5,0.238,2023
18,문상준,KT,0.200,0,0,0,-,0,0.00,4.80,0.000,0.1,0.14,2023
19,박경수,KT,0.200,14,40,62,0.65,1,0.65,4.40,0.086,18.5,0.213,2023
20,강현우,KT,0.194,7,39,27,1.44,1,0.35,3.98,0.087,5.6,0.181,2023
21,강민성,KT,0.182,1,2,6,0.33,0,0.40,3.93,0.045,1.9,0.195,2023
22,장준원,KT,0.172,4,25,23,1.09,1,0.48,4.20,0.080,7.8,0.188,2023
23,이상호,KT,0.148,1,20,17,1.18,1,0.22,3.43,0.019,0.5,0.122,2023
24,이시원,KT,0.138,0,13,6,2.17,0,0.33,4.25,0.000,0.1,0.122,2023
25,류현인,KT,0.130,0,10,6,1.67,0,0.25,3.83,0.000,0.0,0.108,2023
26,송민섭,KT,0.130,0,6,6,1.00,0,0.13,4.12,0.000,0.5,0.123,2023
27,손민석,KT,0.100,0,5,1,5.00,0,0.33,3.92,0.000,0.3,0.138,2023
28,김민,KT,-,0,0,0,-,0,-,-,-,0.0,0.0,2023
29,김병준,KT,0.000,0,0,0,-,0,0.00,3.50,0.000,-0.2,0.0,2023
30,김병희,KT,0.000,0,2,2,1.00,0,0.25,3.89,0.000,-0.4,0.05,2023
31,김영현,KT,-,0,0,0,-,0,-,-,-,0.0,0.0,2023
32,김재윤,KT,-,0,0,0,-,0,-,-,-,0.0,0.0,2023
33,문상인,KT,-,0,0,0,-,0,-,4.00,-,0.3,0.45,2023
34,박영현,KT,-,0,0,0,-,0,-,-,-,0.0,0.0,2023
35,이상동,KT,-,0,0,0,-,0,-,-,-,0.0,0.0,2023
36,이선우,KT,-,0,0,0,-,0,-,-,-,0.0,0.0,2023
37,이채호,KT,-,0,0,0,-,0,-,-,-,0.0,0.0,2023
38,하준호,KT,-,0,0,0,-,0,-,-,-,0.0,0.0,2023
39,이천웅,LG,1.000,0,0,0,-,1,-,2.33,0.000,1.5,0.7,2023
40,홍창기,LG,0.332,38,158,115,1.37,5,1.06,4.14,0.080,98.6,0.303,2023
41,안익훈,LG,0.318,1,9,4,2.25,0,0.00,3.09,0.045,2.7,0.248,2023
42,오스틴,LG,0.313,56,107,182,0.59,15,0.71,3.78,0.204,96.6,0.298,2023
43,문보경,LG,0.301,44,125,124,1.01,11,0.70,3.87,0.147,78.1,0.282,2023
44,문성주,LG,0.294,27,168,119,1.41,5,1.97,3.79,0.078,69.2,0.269,2023
45,김현수,LG,0.293,30,148,152,0.97,10,1.09,3.85,0.090,70.6,0.26,2023
46,박해민,LG,0.285,22,124,150,0.83,3,0.61,3.90,0.074,62.9,0.246,2023
47,신민재,LG,0.277,7,116,56,2.07,2,0.85,3.87,0.032,33.5,0.232,2023
48,정주현,LG,0.273,3,25,24,1.04,2,0.56,3.90,0.057,9.2,0.234,2023
49,오지환,LG,0.268,35,108,123,0.88,11,0.78,4.03,0.128,67.7,0.266,2023
50,박동원,LG,0.249,38,118,107,1.10,8,0.54,3.83,0.193,64.9,0.261,2023
51,김민성,LG,0.249,19,72,77,0.94,5,0.43,3.99,0.128,34.5,0.241,2023
52,이재원,LG,0.214,9,20,31,0.65,1,0.30,3.88,0.152,14.0,0.224,2023
53,손호영,LG,0.205,1,14,9,1.56,1,0.08,3.98,0.068,0.7,0.168,2023
54,김주성,LG,0.200,0,1,1,1.00,0,0.50,3.57,0.000,0.8,0.243,2023
55,서건창,LG,0.200,7,36,41,0.88,0,0.71,3.77,0.082,7.5,0.188,2023
56,허도환,LG,0.141,5,18,18,1.00,2,0.15,3.78,0.141,4.5,0.18,2023
57,김기연,LG,0.118,0,7,13,0.54,0,0.50,3.83,0.000,1.1,0.133,2023
58,김범석,LG,0.111,2,12,8,1.50,0,0.20,4.41,0.148,0.8,0.127,2023
59,최승민,LG,0.071,0,5,4,1.25,0,0.25,3.87,0.000,-0.3,0.078,2023
60,송찬의,LG,0.056,1,5,6,0.83,0,0.67,3.82,0.056,0.7,0.13,2023
61,고우석,LG,-,0,0,0,-,0,-,-,-,0.0,0.0,2023
62,김대현,LG,-,0,0,0,-,0,-,-,-,0.0,0.0,2023
63,박명근,LG,-,0,0,0,-,0,-,-,-,0.0,0.0,2023
64,송대현,LG,0.000,0,0,1,0.00,0,0.00,4.67,0.000,-0.3,0.0,2023
65,오석주,LG,-,0,0,0,-,0,-,-,-,0.0,0.0,2023
66,이정용,LG,-,0,0,0,-,0,-,-,-,0.0,0.0,2023
67,전준호,LG,0.000,0,1,0,-,0,-,5.00,0.000,-0.1,0.0,2023
68,최동환,LG,-,0,0,0,-,0,-,-,-,0.0,0.0,2023
69,손아섭,NC,0.339,44,181,121,1.50,5,0.75,3.74,0.103,91.7,0.288,2023
70,박한결,NC,0.333,2,0,3,0.00,0,0.43,4.06,0.267,3.7,0.35,2023
71,박건우,NC,0.319,48,103,147,0.70,10,0.79,3.78,0.162,84.1,0.299,2023
72,박민우,NC,0.316,29,140,115,1.22,6,0.70,3.77,0.088,68.6,0.273,2023
73,서호철,NC,0.287,25,113,123,0.92,3,0.39,3.54,0.096,48.2,0.245,2023
74,박대온,NC,0.286,3,4,9,0.44,0,0.38,3.33,0.107,4.5,0.262,2023
75,권희동,NC,0.285,23,73,103,0.71,10,0.98,4.40,0.120,53.4,0.276,2023
76,마틴,NC,0.283,39,85,130,0.65,10,0.53,4.10,0.172,76.0,0.276,2023
77,최보성,NC,0.263,0,4,8,0.50,0,1.00,3.33,0.000,1.5,0.216,2023
78,최정원,NC,0.260,5,13,11,1.18,1,0.08,3.64,0.140,6.3,0.242,2023
79,윤형준,NC,0.252,18,48,60,0.80,6,0.17,3.85,0.133,23.5,0.227,2023
80,천재환,NC,0.239,10,36,46,0.78,2,0.18,3.55,0.092,14.4,0.212,2023
81,김형준,NC,0.236,8,11,20,0.55,0,0.33,4.18,0.278,11.4,0.273,2023
82,오영수,NC,0.236,14,62,45,1.38,2,0.31,3.82,0.111,22.5,0.224,2023
83,도태훈,NC,0.234,11,68,68,1.00,2,0.79,4.12,0.088,33.5,0.25,2023
84,김주원,NC,0.233,21,90,117,0.77,6,0.42,4.11,0.107,52.1,0.233,2023
85,김성욱,NC,0.223,16,29,48,0.60,3,0.25,3.88,0.156,20.6,0.231,2023
86,김한별,NC,0.216,1,41,12,3.42,0,0.17,3.71,0.021,3.0,0.177,2023
87,김수윤,NC,0.214,0,4,3,1.33,1,0.25,4.00,0.000,0.8,0.174,2023
88,박세혁,NC,0.211,18,57,92,0.62,3,0.70,3.81,0.136,28.1,0.225,2023
89,조현진,NC,0.200,0,2,1,2.00,0,0.00,4.20,0.000,-0.2,0.14,2023
90,한석현,NC,0.200,1,15,13,1.15,0,0.20,3.71,0.017,2.5,0.167,2023
91,안중열,NC,0.195,10,40,41,0.98,0,0.36,3.96,0.117,13.3,0.202,2023
92,박석민,NC,0.193,2,20,30,0.67,0,0.64,4.09,0.045,7.8,0.204,2023
93,박주찬,NC,0.143,0,4,6,0.67,0,0.00,4.07,0.000,-0.1,0.1,2023
94,오장한,NC,0.143,0,1,0,-,0,0.20,4.25,0.000,0.3,0.148,2023
95,박영빈,NC,0.071,1,5,2,2.50,0,0.17,3.47,0.071,0.0,0.096,2023
96,김시훈,NC,-,0,0,0,-,0,-,-,-,0.0,0.0,2023
97,류진욱,NC,-,0,0,0,-,0,-,-,-,0.0,0.0,2023
98,오태양,NC,0.000,0,0,0,-,0,0.00,3.67,0.000,-0.7,0.0,2023
99,이용찬,NC,-,0,0,0,-,0,-,-,-,0.0,0.0,2023
100,전사민,NC,0.000,0,1,0,-,0,-,2.00,0.000,-0.1,0.0,2023
101,채원후,NC,-,0,0,0,-,0,-,-,-,0.0,0.0,2023
102,한재승,NC,-,0,0,0,-,0,-,-,-,0.0,0.0,2023
103,김정민,SSG,0.500,0,0,0,-,0,0.00,4.00,0.000,0.4,0.35,2023
104,에레디아,SSG,0.323,41,117,129,0.91,12,0.52,3.60,0.137,75.9,0.289,2023
105,하재훈,SSG,0.303,18,32,57,0.56,3,0.36,3.82,0.164,37.7,0.285,2023
106,최정,SSG,0.297,60,84,166,0.51,13,0.68,3.88,0.251,96.3,0.312,2023
107,최항,SSG,0.286,2,4,5,0.80,1,0.42,3.66,0.143,5.0,0.279,2023
108,한유섬,SSG,0.273,24,69,99,0.70,7,0.42,4.02,0.120,51.2,0.258,2023
109,최지훈,SSG,0.268,29,124,165,0.75,4,0.58,3.65,0.089,55.2,0.231,2023
110,김성현,SSG,0.268,15,101,92,1.10,2,0.81,3.60,0.055,34.0,0.228,2023
111,최준우,SSG,0.267,1,24,11,2.18,0,0.80,4.01,0.017,5.8,0.227,2023
112,박성한,SSG,0.266,28,140,145,0.97,7,1.04,4.02,0.100,62.4,0.248,2023
113,강진성,SSG,0.261,10,31,49,0.63,0,0.30,3.68,0.127,15.8,0.235,2023
114,추신수,SSG,0.254,30,105,103,1.02,3,0.82,3.94,0.144,61.8,0.27,2023
115,안상현,SSG,0.241,3,16,13,1.23,0,0.33,3.55,0.052,5.3,0.209,2023
116,오태곤,SSG,0.239,22,65,78,0.83,3,0.27,3.66,0.136,33.5,0.226,2023
117,최상민,SSG,0.235,0,13,7,1.86,0,0.57,3.85,0.000,3.1,0.197,2023
118,최주환,SSG,0.235,44,88,147,0.60,7,0.47,4.26,0.197,58.9,0.248,2023
119,김찬형,SSG,0.229,4,13,14,0.93,0,0.20,3.74,0.125,4.4,0.212,2023
120,김강민,SSG,0.226,5,25,46,0.54,0,0.61,4.22,0.066,16.8,0.224,2023
121,김민식,SSG,0.218,15,61,92,0.66,4,0.54,3.86,0.098,27.4,0.215,2023
122,전의산,SSG,0.201,10,32,36,0.89,3,0.38,4.07,0.134,14.1,0.216,2023
123,조형우,SSG,0.185,7,28,45,0.62,0,0.32,3.64,0.101,8.2,0.18,2023
124,이정범,SSG,0.172,0,12,8,1.50,2,0.33,3.00,0.000,1.3,0.138,2023
125,최경모,SSG,0.150,0,3,9,0.33,0,0.00,3.65,0.000,0.3,0.105,2023
126,이재원,SSG,0.091,1,12,21,0.57,0,0.25,3.56,0.023,-1.8,0.086,2023
127,이흥련,SSG,0.071,1,3,4,0.75,0,0.33,3.47,0.214,0.9,0.156,2023
128,고명준,SSG,0.000,0,1,0,-,0,0.00,4.25,0.000,-0.4,0.0,2023
129,고효준,SSG,-,0,0,0,-,0,-,-,-,0.0,0.0,2023
130,김건웅,SSG,0.000,0,1,0,-,0,0.00,2.67,0.000,-0.3,0.0,2023
131,노경은,SSG,-,0,0,0,-,0,-,-,-,0.0,0.0,2023
132,류효승,SSG,0.000,0,3,0,-,0,-,3.00,0.000,-0.3,0.113,2023
133,문승원,SSG,-,0,0,0,-,0,-,-,-,0.0,0.0,2023
134,백승건,SSG,-,0,0,0,-,0,-,-,-,0.0,0.0,2023
135,서진용,SSG,-,0,0,0,-,0,-,-,-,0.0,0.0,2023
136,이건욱,SSG,-,0,0,0,-,0,-,-,-,0.0,0.0,2023
137,임준섭,SSG,-,0,0,0,-,0,-,-,-,0.0,0.0,2023
138,채현우,SSG,-,0,0,0,-,0,-,-,-,0.0,0.0,2023
139,최민준,SSG,-,0,0,0,-,0,-,-,-,0.0,0.0,2023
140,양의지,두산,0.305,40,87,165,0.53,6,1.02,3.73,0.169,77.7,0.297,2023
141,홍성호,두산,0.292,4,8,12,0.67,1,0.14,3.65,0.083,5.4,0.244,2023
142,정수빈,두산,0.287,27,179,115,1.56,4,1.02,4.21,0.084,78.9,0.262,2023
143,김재호,두산,0.283,16,66,89,0.74,7,1.25,3.85,0.089,35.3,0.262,2023
144,양석환,두산,0.281,49,86,169,0.51,14,0.31,3.98,0.174,81.6,0.263,2023
145,허경민,두산,0.268,31,129,164,0.79,6,1.35,3.73,0.107,55.2,0.241,2023
146,박유연,두산,0.267,2,2,5,0.40,0,0.00,3.50,0.133,1.5,0.22,2023
147,강승호,두산,0.265,31,108,93,1.16,5,0.25,3.94,0.122,49.2,0.239,2023
148,김인태,두산,0.255,6,25,22,1.14,2,0.58,4.10,0.082,12.9,0.246,2023
149,로하스,두산,0.253,47,71,165,0.43,6,0.81,4.11,0.221,67.1,0.274,2023
150,이유찬,두산,0.243,10,45,64,0.70,0,0.39,4.21,0.067,23.3,0.22,2023
151,양찬열,두산,0.239,4,19,26,0.73,0,0.39,4.02,0.068,9.1,0.218,2023
152,전민재,두산,0.235,2,5,5,1.00,0,0.00,2.56,0.118,-0.4,0.194,2023
153,송승환,두산,0.229,4,16,22,0.73,1,0.25,3.82,0.071,4.6,0.197,2023
154,박준영,두산,0.228,14,16,29,0.55,1,0.17,4.38,0.189,15.5,0.235,2023
155,서예일,두산,0.222,0,1,5,0.20,0,0.00,3.00,0.000,0.7,0.146,2023
156,김재환,두산,0.220,25,96,122,0.79,7,0.72,4.02,0.111,51.8,0.237,2023
157,조수행,두산,0.219,4,85,49,1.73,3,0.61,3.80,0.032,21.3,0.197,2023
158,박계범,두산,0.219,8,51,40,1.28,3,0.34,3.79,0.071,14.7,0.201,2023
159,김태근,두산,0.212,3,6,14,0.43,0,0.00,3.82,0.058,1.8,0.169,2023
160,박지훈,두산,0.211,1,7,1,7.00,0,0.29,4.00,0.053,1.7,0.194,2023
161,안승한,두산,0.208,0,6,3,2.00,0,0.20,3.19,0.000,1.9,0.185,2023
162,김대한,두산,0.198,5,13,31,0.42,0,0.33,3.90,0.099,6.1,0.196,2023
163,안재석,두산,0.188,4,16,25,0.64,1,0.25,3.53,0.109,4.9,0.174,2023
164,장승현,두산,0.158,4,50,31,1.61,0,0.17,3.80,0.072,7.6,0.163,2023
165,김민혁,두산,0.138,1,8,10,0.80,0,0.44,3.69,0.034,1.2,0.156,2023
166,신성현,두산,0.083,0,3,4,0.75,0,0.75,5.07,0.000,0.2,0.141,2023
167,권민석,두산,0.000,0,1,0,-,0,0.00,2.00,0.000,-0.2,0.0,2023
168,김민규,두산,-,0,0,0,-,0,-,-,-,0.0,0.0,2023
169,김정우,두산,-,0,0,0,-,0,-,-,-,0.0,0.0,2023
170,박신지,두산,-,0,0,0,-,0,-,-,-,0.0,0.0,2023
171,박정수,두산,-,0,0,0,-,0,-,-,-,0.0,0.0,2023
172,박치국,두산,-,0,0,0,-,0,-,-,-,0.0,0.0,2023
173,이형범,두산,-,0,0,0,-,0,-,-,-,0.0,0.0,2023
174,정철원,두산,-,0,0,0,-,0,-,-,-,0.0,0.0,2023
175,최승용,두산,-,0,0,0,-,0,-,-,-,0.0,0.0,2023
176,홍건희,두산,-,0,0,0,-,0,-,-,-,0.0,0.0,2023
