순위,선수명,팀명,H,2B,3B,HR,BB,HBP,SO,WP,BK,AVG,Year,Situation
1,강백호,KT,0,0,0,0,1,0,0,0,0,0.000,2019,B
2,이선우,KT,1,0,0,1,1,0,2,0,0,0.200,2019,B
2,이종혁,KT,1,0,0,0,0,0,2,0,0,0.111,2019,B
2,조한욱,KT,1,0,0,0,0,0,0,0,0,0.250,2019,B
5,전용주,KT,2,0,0,0,4,0,0,1,0,0.400,2019,B
6,조현우,KT,4,1,0,0,3,1,6,2,0,0.235,2019,B
6,하준호,KT,4,0,0,1,4,0,9,0,0,0.174,2019,B
8,김태오,KT,6,0,0,0,3,0,0,0,1,0.400,2019,B
8,이상동,KT,6,1,0,1,2,1,0,0,0,0.286,2019,B
10,이정현,KT,7,3,0,2,7,0,8,0,0,0.219,2019,B
10,조근종,KT,7,1,0,1,2,2,3,0,0,0.318,2019,B
12,김대유,KT,15,3,0,1,6,1,11,0,0,0.278,2019,B
12,엄상백,KT,15,2,0,1,8,0,5,0,0,0.357,2019,B
14,김재윤,KT,16,2,0,1,5,1,24,1,0,0.178,2019,B
15,손동현,KT,26,3,0,1,20,0,21,0,1,0.234,2019,B
15,정성곤,KT,26,6,0,3,7,1,17,1,0,0.252,2019,B
17,이대은,KT,37,5,0,4,19,1,34,2,0,0.234,2019,B
18,전유수,KT,38,10,0,0,7,1,25,1,0,0.290,2019,B
19,금민철,KT,40,5,1,1,11,7,18,4,0,0.290,2019,B
19,주권,KT,40,8,0,3,7,1,23,0,0,0.263,2019,B
21,김민수,KT,48,7,2,5,13,1,30,2,0,0.271,2019,B
22,배제성,KT,60,6,2,1,24,1,34,4,0,0.296,2019,B
23,김민,KT,64,9,1,2,31,2,43,1,1,0.260,2019,B
24,알칸타라,KT,88,20,2,4,17,4,40,2,1,0.279,2019,B
25,쿠에바스,KT,95,12,1,10,27,6,74,2,0,0.239,2019,B
1,이선우,KT,0,0,0,0,0,0,0,0,0,0.000,2019,T
1,최건,KT,0,0,0,0,2,0,0,0,0,0.000,2019,T
1,하준호,KT,0,0,0,0,0,0,2,1,0,0.000,2019,T
4,김태오,KT,1,0,0,0,0,1,0,0,0,1.000,2019,T
5,조현우,KT,2,1,0,0,2,0,3,0,0,0.167,2019,T
6,조한욱,KT,3,0,0,0,1,0,0,0,0,0.429,2019,T
7,이상동,KT,4,3,0,1,0,0,0,0,0,0.800,2019,T
7,전용주,KT,4,1,0,1,2,0,1,0,0,0.500,2019,T
9,이정현,KT,5,1,0,1,1,0,1,0,0,0.357,2019,T
9,이종혁,KT,5,1,1,0,3,1,2,0,0,0.417,2019,T
11,김대유,KT,6,3,0,0,6,3,12,0,0,0.150,2019,T
12,류희운,KT,8,2,0,0,2,0,1,2,0,0.571,2019,T
12,조근종,KT,8,1,0,0,3,0,3,0,0,0.348,2019,T
14,김재윤,KT,11,1,0,3,7,0,18,0,0,0.157,2019,T
15,주권,KT,24,7,0,4,7,1,24,1,0,0.195,2019,T
16,손동현,KT,25,4,0,1,11,0,8,0,0,0.357,2019,T
16,엄상백,KT,25,4,0,5,16,0,15,1,0,0.291,2019,T
18,금민철,KT,26,2,0,4,14,0,8,0,0,0.292,2019,T
19,전유수,KT,28,6,1,2,11,3,21,5,0,0.228,2019,T
20,정성곤,KT,38,10,2,4,15,1,23,1,0,0.319,2019,T
21,김민수,KT,39,5,1,5,17,1,26,2,0,0.281,2019,T
22,이대은,KT,52,12,1,6,20,5,25,3,0,0.287,2019,T
23,쿠에바스,KT,58,9,5,8,36,6,61,2,0,0.211,2019,T
24,배제성,KT,72,12,1,5,32,2,57,6,0,0.248,2019,T
25,알칸타라,KT,101,19,1,11,10,4,60,0,1,0.277,2019,T
26,김민,KT,111,17,3,14,34,2,48,3,1,0.314,2019,T
1,김성훈,KT,1,0,0,0,4,0,3,0,0,0.125,2020,B
2,박세진,KT,2,0,0,0,1,1,0,0,0,0.667,2020,B
2,안현준,KT,2,0,0,0,2,0,0,1,0,0.667,2020,B
4,금민철,KT,5,1,0,0,1,2,0,0,0,0.714,2020,B
5,이강준,KT,6,1,0,1,5,2,1,0,0,0.400,2020,B
5,이상동,KT,6,2,0,0,3,0,1,1,0,0.375,2020,B
5,이상화,KT,6,0,0,1,4,0,4,0,0,0.188,2020,B
5,이선우,KT,6,1,0,1,1,0,1,0,0,0.500,2020,B
9,이창재,KT,8,1,0,0,2,0,2,0,0,0.348,2020,B
10,조병욱,KT,9,0,0,1,2,1,3,0,0,0.450,2020,B
11,류희운,KT,10,3,0,0,4,0,6,0,0,0.345,2020,B
12,이대은,KT,11,3,0,1,4,3,4,4,0,0.250,2020,B
13,조현우,KT,12,1,1,1,9,0,12,2,0,0.164,2020,B
14,손동현,KT,13,2,0,5,4,0,7,1,0,0.351,2020,B
15,전유수,KT,20,4,0,2,12,0,13,1,0,0.241,2020,B
15,하준호,KT,20,3,0,1,10,2,11,1,0,0.222,2020,B
17,김민,KT,21,2,0,2,14,1,17,3,0,0.280,2020,B
18,이보근,KT,22,1,0,0,5,0,11,1,0,0.275,2020,B
19,유원상,KT,23,6,0,3,13,0,19,3,0,0.200,2020,B
20,주권,KT,26,4,0,2,19,1,14,0,0,0.226,2020,B
21,김재윤,KT,34,3,2,5,5,0,20,0,0,0.304,2020,B
22,쿠에바스,KT,66,11,1,7,21,5,63,2,0,0.224,2020,B
23,김민수,KT,75,14,0,7,16,1,35,4,0,0.319,2020,B
24,배제성,KT,86,18,1,8,41,4,34,5,0,0.289,2020,B
25,데스파이네,KT,93,15,0,6,30,2,56,7,0,0.275,2020,B
26,소형준,KT,94,17,0,4,29,2,63,1,0,0.266,2020,B
1,금민철,KT,1,0,0,0,0,0,2,0,0,0.250,2020,T
2,이창재,KT,2,2,0,0,2,0,5,0,0,0.182,2020,T
3,이강준,KT,3,0,1,0,0,1,2,0,0,0.375,2020,T
4,류희운,KT,4,1,0,1,0,0,1,1,0,0.571,2020,T
4,한승지,KT,4,1,0,0,1,1,0,0,0,1.000,2020,T
6,이상동,KT,5,3,0,0,0,0,2,0,0,0.500,2020,T
6,이상화,KT,5,2,0,1,6,0,3,1,0,0.227,2020,T
8,손동현,KT,8,3,0,0,6,0,5,2,0,0.190,2020,T
9,하준호,KT,18,3,0,0,17,0,15,1,0,0.261,2020,T
10,이보근,KT,20,4,0,2,7,2,16,2,0,0.213,2020,T
11,김민,KT,25,2,0,4,15,4,15,2,0,0.263,2020,T
11,이대은,KT,25,3,0,3,9,2,11,4,0,0.325,2020,T
13,전유수,KT,26,3,1,1,9,3,14,0,0,0.302,2020,T
13,조현우,KT,26,7,0,0,13,1,21,1,0,0.274,2020,T
15,김재윤,KT,28,1,0,2,10,0,38,0,0,0.230,2020,T
15,주권,KT,28,7,0,4,13,0,23,0,0,0.203,2020,T
17,유원상,KT,29,6,0,5,15,1,18,2,0,0.234,2020,T
18,조병욱,KT,30,4,0,3,11,0,8,0,0,0.309,2020,T
19,배제성,KT,44,12,0,4,35,0,49,6,1,0.187,2020,T
20,소형준,KT,47,6,0,2,16,4,29,1,0,0.290,2020,T
21,김민수,KT,76,8,1,7,14,3,28,2,0,0.364,2020,T
22,쿠에바스,KT,86,15,0,9,25,4,47,2,0,0.281,2020,T
23,데스파이네,KT,140,21,1,12,38,6,96,11,0,0.293,2020,T
1,오윤석,KT,0,0,0,0,0,0,0,0,0,0.000,2021,B
1,지명성,KT,0,0,0,0,1,0,1,0,0,0.000,2021,B
3,전유수,KT,4,0,0,1,2,0,3,0,0,0.211,2021,B
3,하준호,KT,4,0,0,1,3,0,5,1,0,0.200,2021,B
5,이상동,KT,5,0,0,0,2,0,3,0,0,0.294,2021,B
5,한차현,KT,5,0,0,0,1,0,2,0,0,0.500,2021,B
7,유원상,KT,12,0,0,0,3,0,3,2,0,0.444,2021,B
7,이대은,KT,12,4,0,1,3,0,10,0,0,0.240,2021,B
7,이정현,KT,12,3,0,3,5,0,1,0,0,0.364,2021,B
10,이창재,KT,14,2,0,0,7,0,11,0,0,0.264,2021,B
11,박시영,KT,15,0,0,2,6,1,29,3,0,0.172,2021,B
12,안영명,KT,16,2,0,1,5,0,17,0,0,0.239,2021,B
12,이보근,KT,16,3,0,2,4,0,6,2,0,0.516,2021,B
14,엄상백,KT,17,4,0,5,6,1,14,0,0,0.207,2021,B
15,조현우,KT,18,3,0,0,5,1,9,2,0,0.286,2021,B
16,주권,KT,25,1,1,0,12,1,11,1,0,0.253,2021,B
17,김민수,KT,29,4,1,1,13,2,29,2,1,0.254,2021,B
18,심재민,KT,33,2,0,4,3,0,21,0,0,0.273,2021,B
19,김재윤,KT,37,7,0,3,14,0,40,1,0,0.245,2021,B
20,쿠에바스,KT,53,10,1,4,23,1,62,2,0,0.248,2021,B
21,소형준,KT,58,7,0,2,15,2,42,1,0,0.266,2021,B
22,고영표,KT,68,10,1,4,15,7,68,0,0,0.230,2021,B
23,배제성,KT,69,14,1,3,42,1,75,8,0,0.233,2021,B
24,데스파이네,KT,94,18,3,5,50,6,83,8,0,0.235,2021,B
1,지명성,KT,1,0,0,0,0,1,3,0,0,0.100,2021,T
2,이상동,KT,2,0,0,0,1,0,2,1,0,0.250,2021,T
3,유원상,KT,3,2,0,0,4,0,10,1,0,0.107,2021,T
4,전유수,KT,5,1,0,0,4,0,6,0,0,0.238,2021,T
4,한차현,KT,5,0,0,3,1,0,1,0,0,0.455,2021,T
6,심재민,KT,8,2,0,0,8,0,14,0,0,0.148,2021,T
6,안영명,KT,8,1,0,1,6,1,15,0,0,0.138,2021,T
6,이창재,KT,8,3,0,0,3,0,8,0,0,0.182,2021,T
6,조현우,KT,8,2,1,0,2,0,4,0,0,0.151,2021,T
10,이보근,KT,12,1,0,2,3,0,3,0,0,0.414,2021,T
10,하준호,KT,12,1,1,1,3,0,5,0,0,0.414,2021,T
12,박시영,KT,15,2,0,2,9,0,22,2,0,0.208,2021,T
12,이대은,KT,15,2,0,3,8,1,12,0,0,0.238,2021,T
14,김재윤,KT,20,1,0,2,10,0,24,1,0,0.211,2021,T
15,주권,KT,23,6,0,3,7,0,8,0,0,0.277,2021,T
16,엄상백,KT,24,6,0,2,22,2,31,0,0,0.212,2021,T
17,김민수,KT,27,4,0,1,11,1,26,1,0,0.257,2021,T
18,배제성,KT,57,13,0,3,40,0,61,1,0,0.247,2021,T
19,소형준,KT,65,10,0,4,36,2,43,4,0,0.270,2021,T
20,쿠에바스,KT,78,11,2,7,28,2,75,4,0,0.258,2021,T
21,고영표,KT,79,10,1,5,12,7,62,1,0,0.246,2021,T
22,데스파이네,KT,81,12,0,5,28,1,82,7,0,0.253,2021,T
1,이정현,KT,1,0,0,1,2,0,0,0,0,0.200,2022,B
1,쿠에바스,KT,1,0,0,0,1,0,3,1,0,0.053,2022,B
3,김민,KT,2,0,0,0,1,0,2,0,0,0.200,2022,B
3,안영명,KT,2,1,0,0,0,0,0,0,0,0.222,2022,B
5,이상우,KT,3,1,0,0,2,0,1,0,0,0.250,2022,B
5,지명성,KT,3,0,0,0,0,1,1,1,0,0.333,2022,B
7,하준호,KT,4,0,0,0,4,0,9,0,0,0.182,2022,B
8,이창재,KT,5,1,0,0,2,1,2,0,0,0.625,2022,B
9,김태오,KT,6,0,0,0,0,0,2,0,0,0.429,2022,B
10,이채호,KT,7,5,0,0,6,3,15,1,0,0.115,2022,B
11,전유수,KT,8,4,0,0,1,0,1,0,0,0.320,2022,B
11,조현우,KT,8,3,0,0,3,2,3,0,0,0.348,2022,B
13,박시영,KT,11,0,0,1,2,0,7,0,0,0.367,2022,B
14,심재민,KT,25,3,1,1,10,1,9,0,0,0.266,2022,B
15,주권,KT,28,1,1,2,7,0,17,0,0,0.308,2022,B
16,김재윤,KT,29,4,0,1,7,0,51,1,0,0.203,2022,B
16,박영현,KT,29,5,0,3,7,0,21,2,0,0.302,2022,B
18,김민수,KT,33,5,0,1,5,2,42,4,0,0.212,2022,B
19,벤자민,KT,36,6,0,5,10,0,44,2,1,0.207,2022,B
20,배제성,KT,60,5,2,6,29,1,54,7,0,0.246,2022,B
21,엄상백,KT,76,16,2,7,32,3,83,1,0,0.232,2022,B
22,데스파이네,KT,78,10,0,6,17,2,37,3,1,0.333,2022,B
23,소형준,KT,86,10,3,5,17,3,63,2,0,0.254,2022,B
24,고영표,KT,99,19,1,4,12,8,86,0,0,0.283,2022,B
1,이창재,KT,0,0,0,0,0,0,0,0,0,0.000,2022,T
2,안영명,KT,1,0,0,0,0,0,1,0,0,0.333,2022,T
2,쿠에바스,KT,1,0,0,1,4,1,5,1,0,0.067,2022,T
4,김민,KT,2,0,0,1,1,1,6,0,0,0.133,2022,T
4,이정현,KT,2,0,0,0,2,1,1,0,0,0.250,2022,T
6,김태오,KT,3,0,0,0,0,0,3,0,0,0.375,2022,T
7,조현우,KT,6,0,1,0,1,2,2,0,0,0.231,2022,T
8,박시영,KT,8,1,0,1,2,0,4,0,0,0.258,2022,T
9,전유수,KT,9,2,0,1,4,0,1,0,0,0.375,2022,T
10,하준호,KT,12,2,0,2,12,1,6,1,0,0.343,2022,T
11,심재민,KT,16,3,1,3,6,1,12,0,0,0.229,2022,T
12,김재윤,KT,17,2,0,4,14,0,27,1,1,0.172,2022,T
12,박영현,KT,17,3,0,2,13,0,34,1,0,0.170,2022,T
14,이채호,KT,21,6,0,0,7,3,17,1,0,0.292,2022,T
15,주권,KT,30,6,0,1,1,0,14,0,0,0.300,2022,T
16,김민수,KT,33,8,1,2,10,4,49,2,0,0.232,2022,T
17,벤자민,KT,39,3,1,6,14,4,33,1,0,0.224,2022,T
18,배제성,KT,43,10,0,2,17,0,35,1,0,0.270,2022,T
19,엄상백,KT,49,8,0,7,14,1,56,0,0,0.249,2022,T
20,소형준,KT,72,6,3,3,22,2,54,4,0,0.232,2022,T
21,고영표,KT,92,12,2,3,11,8,70,1,0,0.256,2022,T
22,데스파이네,KT,120,17,0,8,31,7,86,4,0,0.287,2022,T
1,김민수,KT,2,1,0,0,0,0,2,0,0,0.250,2023,B
1,김태오,KT,2,1,0,0,2,0,3,0,0,0.167,2023,B
1,전용주,KT,2,2,0,0,3,0,4,2,0,0.133,2023,B
4,조현우,KT,3,1,0,0,1,0,1,1,0,0.375,2023,B
5,강건,KT,4,2,0,0,3,0,8,1,0,0.167,2023,B
6,김정운,KT,5,1,0,0,5,1,3,0,0,0.217,2023,B
6,하준호,KT,5,0,0,0,7,4,3,2,0,0.294,2023,B
8,박세진,KT,7,0,0,1,11,0,7,1,0,0.219,2023,B
9,소형준,KT,17,4,0,0,2,3,3,1,0,0.531,2023,B
9,이채호,KT,17,4,0,3,5,3,5,1,0,0.298,2023,B
11,김민,KT,18,1,0,1,11,3,10,3,0,0.310,2023,B
12,주권,KT,20,3,1,1,10,1,11,0,0,0.220,2023,B
13,김영현,KT,23,5,0,4,15,1,18,1,0,0.284,2023,B
14,이상동,KT,28,6,0,2,10,0,26,1,0,0.292,2023,B
14,이선우,KT,28,5,0,3,4,3,12,0,0,0.315,2023,B
16,슐서,KT,29,3,1,1,4,0,21,1,0,0.315,2023,B
17,박영현,KT,33,8,1,2,13,1,41,0,0,0.229,2023,B
18,조이현,KT,35,10,0,3,3,1,7,0,0,0.393,2023,B
19,김재윤,KT,37,3,2,2,8,0,29,3,0,0.264,2023,B
20,손동현,KT,38,5,0,0,11,1,14,0,0,0.277,2023,B
21,엄상백,KT,52,5,2,4,16,1,50,1,0,0.231,2023,B
22,쿠에바스,KT,53,4,1,4,10,1,38,4,0,0.265,2023,B
23,배제성,KT,71,12,0,3,41,0,43,5,1,0.280,2023,B
24,벤자민,KT,72,10,0,4,25,0,70,8,0,0.247,2023,B
25,고영표,KT,94,14,2,2,8,6,55,2,0,0.258,2023,B
1,김정운,KT,1,1,0,0,1,1,0,0,0,0.250,2023,T
2,조현우,KT,3,0,0,0,1,0,0,0,0,0.429,2023,T
3,전용주,KT,4,2,0,0,3,1,5,2,0,0.190,2023,T
4,소형준,KT,5,0,0,1,1,0,1,1,0,0.250,2023,T
5,김영현,KT,7,2,0,0,5,0,17,1,0,0.156,2023,T
6,김태오,KT,8,2,0,0,2,0,0,0,0,0.471,2023,T
6,박세진,KT,8,2,0,0,3,0,3,1,0,0.400,2023,T
8,이채호,KT,9,2,0,3,4,0,3,0,0,0.237,2023,T
8,하준호,KT,9,1,0,0,3,1,3,2,0,0.310,2023,T
10,김민수,KT,15,4,2,1,5,0,2,0,0,0.375,2023,T
11,김재윤,KT,17,2,0,0,5,1,31,0,0,0.173,2023,T
11,이상동,KT,17,4,0,2,5,0,17,0,0,0.262,2023,T
13,이선우,KT,19,1,0,2,5,1,12,0,0,0.292,2023,T
14,김민,KT,22,5,0,2,5,1,12,1,0,0.338,2023,T
15,조이현,KT,26,4,1,0,3,1,10,1,1,0.382,2023,T
16,주권,KT,29,4,0,3,9,1,6,0,0,0.341,2023,T
17,박영현,KT,30,3,1,1,10,1,38,1,2,0.231,2023,T
17,손동현,KT,30,6,0,5,9,1,26,2,0,0.233,2023,T
19,슐서,KT,37,6,0,5,10,0,14,1,0,0.349,2023,T
20,쿠에바스,KT,42,6,1,0,14,1,62,1,0,0.188,2023,T
21,엄상백,KT,48,11,2,2,13,1,39,0,0,0.253,2023,T
22,배제성,KT,73,8,1,3,36,2,36,4,0,0.298,2023,T
23,벤자민,KT,77,13,1,8,20,3,87,3,0,0.233,2023,T
24,고영표,KT,87,13,3,5,11,3,59,4,0,0.282,2023,T
