선수명,팀명,타율,경기,타석,타수,득점,안타,2루타,3루타,홈런,루타,타점,희생번트,희생플라이,볼넷,고의4구,사구,삼진,병살타,장타율,출루율,출루율+장타율,멀티히트,득점권타율,대타타율
권혁경,KIA,0.500,2,2,2,0,1,0,0,0,1,1,0,0,0,0,0,0,0,0.500,0.500,1.000,0,0.5,0.0
김선우,KIA,0.333,3,4,3,1,1,0,0,0,1,0,0,0,0,0,1,0,0,0.333,0.500,0.833,0,0.0,0.0
박정우,KIA,0.333,16,3,3,2,1,0,0,0,1,2,0,0,0,0,0,1,0,0.333,0.333,0.666,0,0.5,0.0
나성범,KIA,0.320,144,649,563,92,180,39,2,21,286,97,0,5,64,6,17,137,7,0.508,0.402,0.910,54,0.316,0.0
소크라테스,KIA,0.311,127,554,514,83,160,29,7,17,254,77,0,4,34,4,2,81,11,0.494,0.354,0.848,47,0.296,0.0
이창진,KIA,0.301,111,404,346,56,104,14,0,7,139,48,11,4,41,0,2,63,7,0.402,0.374,0.776,30,0.29,0.333
이우성,KIA,0.292,80,137,120,23,35,7,0,1,45,12,4,0,12,0,1,20,5,0.375,0.361,0.736,7,0.258,0.333
김선빈,KIA,0.287,140,587,505,51,145,23,0,3,177,61,7,3,65,0,6,47,14,0.350,0.373,0.723,40,0.265,0.333
고종욱,KIA,0.283,62,114,106,13,30,7,1,2,45,14,1,0,7,0,0,21,2,0.425,0.327,0.752,6,0.296,0.297
류지혁,KIA,0.274,127,477,405,55,111,19,2,2,140,48,8,2,56,0,6,83,6,0.346,0.369,0.715,28,0.305,0.286
김호령,KIA,0.273,54,88,77,21,21,1,1,1,27,8,4,0,7,0,0,22,4,0.351,0.333,0.684,5,0.222,0.25
박찬호,KIA,0.272,130,566,493,81,134,22,0,4,168,45,8,7,57,0,1,67,9,0.341,0.344,0.685,34,0.277,0.0
최형우,KIA,0.264,132,530,454,55,120,27,1,14,191,71,0,2,73,5,1,92,9,0.421,0.366,0.787,33,0.282,0.286
황대인,KIA,0.256,129,524,476,40,122,27,0,14,191,91,0,5,36,2,7,92,20,0.401,0.315,0.716,34,0.296,0.0
박동원,KIA,0.242,123,447,385,52,93,21,0,18,168,57,7,1,45,4,9,95,9,0.436,0.334,0.770,21,0.234,0.077
김도영,KIA,0.237,103,254,224,37,53,11,4,3,81,19,4,1,22,0,3,62,3,0.362,0.312,0.674,12,0.259,0.222
김규성,KIA,0.180,70,52,50,14,9,0,1,1,14,4,1,0,1,0,0,12,0,0.280,0.196,0.476,0,0.077,0.0
한승택,KIA,0.176,66,119,102,11,18,2,0,1,23,12,4,1,9,0,3,30,2,0.225,0.261,0.486,3,0.16,0.25
김석환,KIA,0.149,51,107,94,15,14,2,0,3,25,7,0,0,10,0,3,32,1,0.266,0.252,0.518,3,0.125,0.071
최정용,KIA,0.091,30,23,22,5,2,0,0,0,2,0,1,0,0,0,0,6,0,0.091,0.091,0.182,0,0.0,0.25
임석진,KIA,0.071,10,17,14,4,1,0,0,1,4,1,0,0,2,0,1,9,1,0.286,0.235,0.521,0,0.0,1.0
김재열,KIA,-,1,0,0,0,0,0,0,0,0,0,0,0,0,0,0,0,0,-,-,-,0,0.0,0.0
나지완,KIA,0.000,2,1,1,0,0,0,0,0,0,0,0,0,0,0,0,0,0,0.000,0.000,0.000,0,0.0,0.0
류승현,KIA,0.000,3,3,3,0,0,0,0,0,0,0,0,0,0,0,0,1,0,0.000,0.000,0.000,0,0.0,0.0
박민,KIA,0.000,6,2,2,1,0,0,0,0,0,0,0,0,0,0,0,0,0,0.000,0.000,0.000,0,0.0,0.0
신범수,KIA,0.000,2,3,3,0,0,0,0,0,0,0,0,0,0,0,0,1,0,0.000,0.000,0.000,0,0.0,0.0
이정훈,KIA,0.000,6,10,8,0,0,0,0,0,0,0,0,0,2,0,0,3,0,0.000,0.200,0.200,0,0.0,0.0
문상준,KT,0.333,2,3,3,0,1,1,0,0,2,0,0,0,0,0,0,2,0,0.667,0.333,1.000,0,1.0,0.0
전진영,KT,0.333,4,3,3,0,1,0,0,0,1,1,0,0,0,0,0,0,0,0.333,0.333,0.666,0,0.5,0.0
조용호,KT,0.308,131,531,474,52,146,18,4,3,181,44,2,3,49,3,3,74,3,0.382,0.374,0.756,39,0.293,0.2
알포드,KT,0.286,80,323,283,48,81,19,1,14,144,50,0,4,33,3,3,90,3,0.509,0.362,0.871,22,0.239,0.0
김민혁,KT,0.284,132,434,373,47,106,10,2,0,120,35,19,3,37,2,2,62,10,0.322,0.349,0.671,20,0.279,0.296
박병호,KT,0.275,124,487,429,72,118,17,0,35,240,98,0,6,40,3,12,131,7,0.559,0.349,0.908,24,0.259,0.429
김준태,KT,0.273,98,270,231,28,63,16,1,4,93,27,3,3,33,1,0,77,4,0.403,0.360,0.763,16,0.25,0.182
배정대,KT,0.266,144,575,508,64,135,24,2,6,181,56,5,4,54,0,4,126,2,0.356,0.339,0.695,34,0.281,0.333
황재균,KT,0.262,141,581,519,59,136,25,3,10,197,64,2,2,53,5,5,99,17,0.380,0.335,0.715,36,0.303,0.0
장성우,KT,0.260,117,420,362,48,94,11,0,18,159,55,1,3,52,2,2,79,12,0.439,0.353,0.792,26,0.277,0.1
라모스,KT,0.250,18,80,72,10,18,1,1,3,30,11,1,1,4,0,2,18,2,0.417,0.304,0.721,3,0.1,0.0
장준원,KT,0.246,35,63,57,7,14,2,0,3,25,10,3,0,3,0,0,17,5,0.439,0.283,0.722,2,0.364,0.5
강백호,KT,0.245,62,264,237,24,58,12,0,6,88,29,1,2,23,2,1,44,6,0.371,0.312,0.683,18,0.23,0.0
심우준,KT,0.240,132,449,388,69,93,8,2,4,117,34,11,4,43,0,2,75,11,0.302,0.316,0.618,23,0.175,0.333
홍현빈,KT,0.237,61,92,76,8,18,2,0,0,20,1,6,0,10,0,0,26,1,0.263,0.326,0.589,2,0.087,1.0
오윤석,KT,0.234,112,337,286,23,67,13,0,6,98,37,5,6,34,0,6,69,9,0.343,0.322,0.665,14,0.186,0.333
문상철,KT,0.224,28,52,49,5,11,3,0,2,20,4,0,0,3,0,0,17,2,0.408,0.269,0.677,2,0.083,0.188
유준규,KT,0.214,7,16,14,3,3,0,0,0,3,0,1,0,1,0,0,6,0,0.214,0.267,0.481,1,0.25,0.0
김병희,KT,0.203,41,85,74,8,15,2,0,1,20,6,0,1,7,0,3,26,2,0.270,0.294,0.564,3,0.19,0.273
신본기,KT,0.182,74,138,121,9,22,3,0,1,28,8,4,1,10,0,2,28,5,0.231,0.254,0.485,3,0.179,0.4
송민섭,KT,0.156,119,72,64,17,10,1,2,0,15,3,3,0,5,0,0,19,0,0.234,0.217,0.451,1,0.214,0.182
이시원,KT,0.133,31,16,15,6,2,0,0,0,2,1,0,0,0,0,1,4,0,0.133,0.188,0.321,0,0.2,0.5
권동진,KT,0.132,48,40,38,9,5,1,1,0,8,4,1,0,1,0,0,16,0,0.211,0.154,0.365,0,0.091,0.0
박경수,KT,0.120,100,194,166,13,20,3,0,3,32,10,2,1,24,0,1,70,3,0.193,0.234,0.427,1,0.122,0.176
고명성,KT,-,1,0,0,0,0,0,0,0,0,0,0,0,0,0,0,0,0,-,-,-,0,0.0,0.0
김재윤,KT,-,1,0,0,0,0,0,0,0,0,0,0,0,0,0,0,0,0,-,-,-,0,0.0,0.0
김태훈,KT,0.000,7,10,10,0,0,0,0,0,0,0,0,0,0,0,0,2,0,0.000,0.000,0.000,0,0.0,0.0
문상인,KT,0.000,12,3,3,2,0,0,0,0,0,0,0,0,0,0,0,2,1,0.000,0.000,0.000,0,0.0,0.0
박영현,KT,-,4,0,0,0,0,0,0,0,0,0,0,0,0,0,0,0,0,-,-,-,0,0.0,0.0
배제성,KT,-,1,0,0,0,0,0,0,0,0,0,0,0,0,0,0,0,0,-,-,-,0,0.0,0.0
심재민,KT,-,2,0,0,0,0,0,0,0,0,0,0,0,0,0,0,0,0,-,-,-,0,0.0,0.0
양승혁,KT,0.000,11,5,5,0,0,0,0,0,0,0,0,0,0,0,0,1,0,0.000,0.000,0.000,0,0.0,0.0
이상우,KT,-,1,0,0,0,0,0,0,0,0,0,0,0,0,0,0,0,0,-,-,-,0,0.0,0.0
이정현,KT,-,1,0,0,0,0,0,0,0,0,0,0,0,0,0,0,0,0,-,-,-,0,0.0,0.0
조대현,KT,0.000,6,4,4,0,0,0,0,0,0,0,0,0,0,0,0,3,0,0.000,0.000,0.000,0,0.0,0.0
주권,KT,-,1,0,0,0,0,0,0,0,0,0,0,0,0,0,0,0,0,-,-,-,0,0.0,0.0
지명성,KT,-,1,0,0,0,0,0,0,0,0,0,0,0,0,0,0,0,0,-,-,-,0,0.0,0.0
문보경,LG,0.315,126,466,406,52,128,22,3,9,183,56,5,7,47,1,1,56,11,0.451,0.382,0.833,35,0.287,0.25
문성주,LG,0.303,106,390,327,55,99,15,3,6,138,41,8,1,51,2,3,36,13,0.422,0.401,0.823,25,0.265,0.286
채은성,LG,0.296,126,526,467,48,138,26,2,12,204,83,0,11,27,3,21,88,16,0.437,0.354,0.791,31,0.279,0.0
박해민,LG,0.289,144,636,570,97,165,20,8,3,210,49,7,6,44,0,9,85,4,0.368,0.347,0.715,42,0.333,0.0
김현수,LG,0.286,141,604,524,78,150,25,2,23,248,106,0,3,71,7,5,62,5,0.473,0.375,0.848,43,0.275,0.0
홍창기,LG,0.286,118,525,437,76,125,19,4,1,155,51,5,5,59,0,19,75,11,0.355,0.390,0.745,34,0.385,0.0
오지환,LG,0.269,142,569,494,75,133,16,4,25,232,87,3,3,62,2,7,107,11,0.470,0.357,0.827,35,0.32,1.0
이형종,LG,0.264,26,63,53,3,14,3,0,0,17,7,1,3,5,0,1,10,0,0.321,0.323,0.644,0,0.231,0.364
손호영,LG,0.257,36,82,74,13,19,0,2,3,32,14,1,1,6,0,0,14,2,0.432,0.309,0.741,4,0.455,1.0
유강남,LG,0.255,139,469,416,54,106,16,0,8,146,47,6,2,34,1,11,98,9,0.351,0.326,0.677,27,0.255,0.385
이상호,LG,0.250,60,80,72,9,18,2,0,0,20,5,3,0,4,0,1,6,1,0.278,0.299,0.577,1,0.15,0.286
허도환,LG,0.247,64,92,85,7,21,5,0,1,29,6,3,0,2,0,2,26,2,0.341,0.281,0.622,5,0.174,0.0
송찬의,LG,0.236,33,78,72,8,17,4,0,3,30,10,0,1,2,0,3,24,0,0.417,0.282,0.699,4,0.294,0.0
이재원,LG,0.224,85,253,223,31,50,8,2,13,101,43,0,0,18,2,12,77,3,0.453,0.316,0.769,10,0.262,0.286
서건창,LG,0.224,77,247,219,39,49,10,1,2,67,18,3,1,20,0,4,44,5,0.306,0.299,0.605,10,0.172,0.2
김기연,LG,0.222,12,9,9,0,2,0,0,0,2,1,0,0,0,0,0,3,0,0.222,0.222,0.444,0,0.5,0.0
한석현,LG,0.222,6,10,9,1,2,0,0,0,2,0,1,0,0,0,0,3,0,0.222,0.222,0.444,0,0.0,0.0
김민성,LG,0.207,92,157,140,16,29,4,0,3,42,20,3,1,10,0,3,27,4,0.300,0.273,0.573,4,0.211,0.214
가르시아,LG,0.206,39,156,136,21,28,6,1,4,48,19,0,0,19,0,1,40,4,0.353,0.308,0.661,8,0.2,0.0
이천웅,LG,0.200,19,23,20,3,4,0,0,0,4,0,0,0,3,0,0,3,0,0.200,0.304,0.504,0,0.0,0.154
최민창,LG,0.200,4,5,5,1,1,0,0,0,1,0,0,0,0,0,0,1,0,0.200,0.200,0.400,0,0.0,0.0
이영빈,LG,0.184,60,83,76,16,14,3,0,1,20,5,0,0,7,0,0,25,3,0.263,0.253,0.516,2,0.077,0.105
루이즈,LG,0.155,27,94,84,10,13,4,1,1,22,6,0,1,9,0,0,13,5,0.262,0.234,0.496,1,0.176,0.0
고우석,LG,0.000,4,1,1,0,0,0,0,0,0,0,0,0,0,0,0,0,0,0.000,0.000,0.000,0,0.0,0.0
김진성,LG,-,2,0,0,0,0,0,0,0,0,0,0,0,0,0,0,0,0,-,-,-,0,0.0,0.0
김호은,LG,0.000,2,2,2,0,0,0,0,0,0,0,0,0,0,0,0,1,0,0.000,0.000,0.000,0,0.0,0.0
박용택,LG,-,1,0,0,0,0,0,0,0,0,0,0,0,0,0,0,0,0,-,-,-,0,0.0,0.0
박재욱,LG,-,1,0,0,0,0,0,0,0,0,0,0,0,0,0,0,0,0,-,-,-,0,0.0,0.0
배재준,LG,-,1,0,0,0,0,0,0,0,0,0,0,0,0,0,0,0,0,-,-,-,0,0.0,0.0
백승현,LG,-,1,0,0,0,0,0,0,0,0,0,0,0,0,0,0,0,0,-,-,-,0,0.0,0.0
송승기,LG,-,1,0,0,0,0,0,0,0,0,0,0,0,0,0,0,0,0,-,-,-,0,0.0,0.0
송은범,LG,-,2,0,0,0,0,0,0,0,0,0,0,0,0,0,0,0,0,-,-,-,0,0.0,0.0
신민재,LG,0.000,14,3,3,2,0,0,0,0,0,0,0,0,0,0,0,0,0,0.000,0.000,0.000,0,0.0,0.0
안익훈,LG,0.000,14,4,3,0,0,0,0,0,0,0,0,0,1,0,0,0,0,0.000,0.250,0.250,0,0.0,0.0
정우영,LG,-,1,0,0,0,0,0,0,0,0,0,0,0,0,0,0,0,0,-,-,-,0,0.0,0.0
진해수,LG,-,1,0,0,0,0,0,0,0,0,0,0,0,0,0,0,0,0,-,-,-,0,0.0,0.0
채원후,LG,-,1,0,0,0,0,0,0,0,0,0,0,0,0,0,0,0,0,-,-,-,0,0.0,0.0
최동환,LG,-,4,0,0,0,0,0,0,0,0,0,0,0,0,0,0,0,0,-,-,-,0,0.0,0.0
최성훈,LG,-,2,0,0,0,0,0,0,0,0,0,0,0,0,0,0,0,0,-,-,-,0,0.0,0.0
함덕주,LG,-,1,0,0,0,0,0,0,0,0,0,0,0,0,0,0,0,0,-,-,-,0,0.0,0.0
허준혁,LG,-,1,0,0,0,0,0,0,0,0,0,0,0,0,0,0,0,0,-,-,-,0,0.0,0.0
박건우,NC,0.336,111,463,408,52,137,18,1,10,187,61,0,3,44,1,8,62,10,0.458,0.408,0.866,40,0.317,0.0
최승민,NC,0.324,44,34,34,19,11,0,0,0,11,3,0,0,0,0,0,7,1,0.324,0.324,0.648,1,0.154,0.0
마티니,NC,0.296,139,576,510,67,151,34,1,16,235,85,0,7,51,5,8,86,8,0.461,0.365,0.826,42,0.306,1.0
양의지,NC,0.283,130,510,427,61,121,24,0,20,205,94,0,10,60,6,13,48,16,0.480,0.380,0.860,28,0.35,0.667
노진혁,NC,0.280,115,451,396,50,111,24,0,15,180,75,3,5,45,3,2,105,11,0.455,0.353,0.808,26,0.295,0.0
손아섭,NC,0.277,138,617,548,72,152,29,4,4,201,48,1,6,59,2,3,76,9,0.367,0.347,0.714,45,0.3,0.0
전민수,NC,0.275,20,41,40,3,11,2,0,0,13,2,0,0,1,0,0,14,0,0.325,0.293,0.618,2,0.2,0.5
박민우,NC,0.267,104,451,390,61,104,22,1,4,140,38,6,3,42,5,10,55,7,0.359,0.351,0.710,28,0.264,0.0
이명기,NC,0.260,94,341,300,36,78,13,2,0,95,23,6,2,30,0,3,56,8,0.317,0.331,0.648,20,0.253,0.167
오영수,NC,0.238,83,259,231,25,55,10,0,6,83,31,0,3,22,0,3,58,4,0.359,0.309,0.668,12,0.3,0.3
권희동,NC,0.227,82,280,238,30,54,5,1,5,76,22,2,1,31,1,8,44,3,0.319,0.335,0.654,13,0.218,0.0
김주원,NC,0.223,96,326,273,35,61,9,3,10,106,47,9,0,30,1,14,89,4,0.388,0.331,0.719,13,0.293,0.333
김기환,NC,0.221,73,131,113,26,25,5,1,0,32,6,2,1,13,0,2,38,0,0.283,0.310,0.593,4,0.241,0.0
박준영,NC,0.216,75,240,208,27,45,8,1,4,67,19,3,1,27,0,1,54,6,0.322,0.308,0.630,11,0.179,0.0
도태훈,NC,0.216,91,163,139,18,30,7,0,2,43,13,7,3,13,0,1,23,5,0.309,0.282,0.591,6,0.086,0.167
윤형준,NC,0.209,35,69,67,5,14,1,0,1,18,5,0,0,1,0,1,21,1,0.269,0.232,0.501,2,0.333,0.267
서호철,NC,0.205,89,214,195,26,40,8,0,2,54,14,3,0,12,0,4,41,6,0.277,0.265,0.542,9,0.137,0.143
이재용,NC,0.200,8,6,5,1,1,0,0,1,4,2,0,0,1,0,0,2,1,0.800,0.333,1.133,0,1.0,0.0
정진기,NC,0.189,39,59,53,4,10,2,0,1,15,4,0,0,6,0,0,19,1,0.283,0.271,0.554,0,0.231,0.273
박대온,NC,0.181,59,133,127,8,23,4,0,1,30,10,3,1,0,0,2,37,4,0.236,0.192,0.428,5,0.194,0.0
박석민,NC,0.149,16,58,47,3,7,2,0,0,9,2,1,0,9,0,1,8,3,0.191,0.298,0.489,2,0.0,0.0
정범모,NC,0.143,5,7,7,0,1,0,0,0,1,1,0,0,0,0,0,1,0,0.143,0.143,0.286,0,0.5,0.0
천재환,NC,0.143,29,36,35,4,5,1,0,1,9,1,0,0,0,0,1,11,1,0.257,0.167,0.424,0,0.0,0.286
김응민,NC,0.134,34,75,67,7,9,1,0,1,13,5,2,1,3,0,2,12,3,0.194,0.192,0.386,1,0.105,0.0
김수윤,NC,0.118,10,18,17,1,2,1,0,1,6,2,0,0,1,0,0,7,0,0.353,0.167,0.520,0,0.333,0.0
김한별,NC,0.095,24,23,21,0,2,0,0,0,2,0,2,0,0,0,0,6,0,0.095,0.095,0.190,0,0.0,0.0
김진호,NC,-,1,0,0,0,0,0,0,0,0,0,0,0,0,0,0,0,0,-,-,-,0,0.0,0.0
김태경,NC,-,2,0,0,0,0,0,0,0,0,0,0,0,0,0,0,0,0,-,-,-,0,0.0,0.0
류진욱,NC,-,1,0,0,0,0,0,0,0,0,0,0,0,0,0,0,0,0,-,-,-,0,0.0,0.0
오태양,NC,0.000,15,4,3,5,0,0,0,0,0,0,0,0,0,0,1,1,0,0.000,0.250,0.250,0,0.0,0.0
원종현,NC,-,1,0,0,0,0,0,0,0,0,0,0,0,0,0,0,0,0,-,-,-,0,0.0,0.0
이용준,NC,-,1,0,0,0,0,0,0,0,0,0,0,0,0,0,0,0,0,-,-,-,0,0.0,0.0
이용찬,NC,-,4,0,0,0,0,0,0,0,0,0,0,0,0,0,0,0,0,-,-,-,0,0.0,0.0
하준영,NC,-,1,0,0,0,0,0,0,0,0,0,0,0,0,0,0,0,0,-,-,-,0,0.0,0.0
한재승,NC,-,1,0,0,0,0,0,0,0,0,0,0,0,0,0,0,0,0,-,-,-,0,0.0,0.0
라가레스,SSG,0.315,49,202,181,24,57,9,0,6,84,32,3,3,14,1,1,18,4,0.464,0.362,0.826,16,0.378,0.0
최지훈,SSG,0.304,144,640,569,93,173,32,4,10,243,61,13,4,47,0,7,77,7,0.427,0.362,0.789,43,0.362,1.0
김강민,SSG,0.303,84,202,178,24,54,11,0,5,80,18,2,1,18,2,3,39,1,0.449,0.375,0.824,13,0.317,0.364
최경모,SSG,0.301,98,75,73,16,22,2,0,0,24,4,1,0,1,0,0,18,1,0.329,0.311,0.640,5,0.333,0.5
박성한,SSG,0.298,140,564,494,68,147,24,4,2,185,56,6,2,60,1,2,81,5,0.374,0.375,0.749,35,0.31,0.0
이정범,SSG,0.273,7,11,11,2,3,0,0,0,3,1,0,0,0,0,0,2,0,0.273,0.273,0.546,0,0.5,0.667
최정,SSG,0.266,121,505,414,80,110,21,0,26,209,87,0,6,66,3,19,96,6,0.505,0.386,0.891,27,0.292,0.5
한유섬,SSG,0.264,135,545,458,62,121,33,1,21,219,100,0,5,66,6,16,137,8,0.478,0.372,0.850,31,0.284,0.111
추신수,SSG,0.259,112,499,409,77,106,20,1,16,176,58,2,4,71,1,13,100,6,0.430,0.382,0.812,29,0.299,0.25
최준우,SSG,0.250,10,16,12,0,3,0,0,0,3,1,0,1,3,0,0,3,0,0.250,0.375,0.625,1,0.0,0.333
전의산,SSG,0.249,77,266,241,36,60,15,1,13,116,45,0,1,24,3,0,84,6,0.481,0.316,0.797,15,0.323,0.3
오태곤,SSG,0.232,130,295,263,48,61,14,1,4,89,23,5,3,15,1,9,68,3,0.338,0.293,0.631,15,0.257,0.286
오준혁,SSG,0.230,47,67,61,3,14,2,0,0,16,6,1,0,5,0,0,15,4,0.262,0.288,0.550,2,0.286,0.167
김재현,SSG,0.222,18,20,18,2,4,1,0,0,5,4,2,0,0,0,0,3,2,0.278,0.222,0.500,1,0.222,0.0
석정우,SSG,0.222,9,9,9,1,2,0,0,0,2,0,0,0,0,0,0,3,0,0.222,0.222,0.444,0,0.0,0.0
크론,SSG,0.222,67,259,243,21,54,13,1,11,102,35,0,4,9,0,3,68,3,0.420,0.255,0.675,13,0.158,0.0
김민식,SSG,0.221,104,266,222,30,49,9,1,2,66,28,7,3,32,1,2,45,4,0.297,0.320,0.617,8,0.254,0.167
김성현,SSG,0.219,130,359,302,38,66,9,1,2,83,37,20,3,31,0,3,36,13,0.275,0.295,0.570,14,0.238,0.333
하재훈,SSG,0.215,60,114,107,18,23,6,1,6,49,13,0,2,4,0,1,40,0,0.458,0.246,0.704,2,0.172,0.278
최주환,SSG,0.211,97,333,298,36,63,14,2,9,108,41,0,2,29,2,4,55,5,0.362,0.288,0.650,15,0.195,0.125
이재원,SSG,0.201,105,279,234,27,47,6,0,4,65,28,9,3,25,1,8,44,13,0.278,0.296,0.574,5,0.208,0.125
조형우,SSG,0.167,9,13,12,2,2,1,0,0,3,1,0,0,1,0,0,3,0,0.250,0.231,0.481,1,1.0,0.0
안상현,SSG,0.158,46,47,38,12,6,0,0,2,12,5,3,0,5,0,1,12,2,0.316,0.273,0.589,0,0.273,0.25
이현석,SSG,0.133,9,15,15,0,2,0,0,0,2,1,0,0,0,0,0,5,1,0.133,0.133,0.266,0,0.25,0.25
이흥련,SSG,0.133,22,55,45,4,6,2,0,0,8,1,3,0,5,0,2,22,2,0.178,0.250,0.428,0,0.111,0.0
최항,SSG,0.100,15,24,20,0,2,0,0,0,2,1,0,1,2,0,1,7,0,0.100,0.208,0.308,1,0.0,0.0
최상민,SSG,0.071,27,18,14,3,1,0,0,0,1,1,1,0,3,0,0,4,0,0.071,0.235,0.306,0,0.0,0.0
고효준,SSG,-,2,0,0,0,0,0,0,0,0,0,0,0,0,0,0,0,0,-,-,-,0,0.0,0.0
김규남,SSG,0.000,2,5,5,0,0,0,0,0,0,0,0,0,0,0,0,2,1,0.000,0.000,0.000,0,0.0,0.0
김택형,SSG,-,1,0,0,0,0,0,0,0,0,0,0,0,0,0,0,0,0,-,-,-,0,0.0,0.0
박민호,SSG,-,1,0,0,0,0,0,0,0,0,0,0,0,0,0,0,0,0,-,-,-,0,0.0,0.0
서동민,SSG,-,1,0,0,0,0,0,0,0,0,0,0,0,0,0,0,0,0,-,-,-,0,0.0,0.0
전경원,SSG,0.000,1,1,1,0,0,0,0,0,0,0,0,0,0,0,0,0,0,0.000,0.000,0.000,0,0.0,0.0
조요한,SSG,-,1,0,0,0,0,0,0,0,0,0,0,0,0,0,0,0,0,-,-,-,0,0.0,0.0
최민준,SSG,-,1,0,0,0,0,0,0,0,0,0,0,0,0,0,0,0,0,-,-,-,0,0.0,0.0
김태근,두산,0.5,2,6,4,0,2,1,0,0,3,2,0,0,1,0,1,1,0,0.75,0.667,1.417,0,1.0,0.0
강현구,두산,0.333,3,5,3,0,1,0,0,0,1,0,0,0,1,0,1,0,0,0.333,0.6,0.933,0,0.0,0.0
안승한,두산,0.333,30,39,36,5,12,3,0,0,15,8,1,0,2,0,0,12,0,0.417,0.368,0.785,2,0.385,1.0
페르난데스,두산,0.309,139,550,508,52,157,28,0,6,203,77,0,5,35,0,2,45,34,0.4,0.353,0.753,43,0.343,0.5
안권수,두산,0.297,76,267,239,43,71,7,2,0,82,20,1,0,26,0,1,40,6,0.343,0.368,0.711,19,0.32,0.0
허경민,두산,0.289,121,493,432,59,125,23,0,8,172,60,2,7,36,3,16,40,12,0.398,0.36,0.758,33,0.317,0.0
전민재,두산,0.289,35,46,45,11,13,1,0,0,14,0,1,0,0,0,0,12,3,0.311,0.289,0.6,1,0.0,0.0
김민혁,두산,0.284,38,97,88,11,25,2,0,5,42,16,0,0,7,0,2,25,6,0.477,0.351,0.828,5,0.32,0.294
강승호,두산,0.264,134,487,444,54,117,28,1,10,177,62,6,5,29,0,3,100,8,0.399,0.31,0.709,34,0.299,0.25
정수빈,두산,0.259,127,455,405,58,105,12,4,3,134,41,6,4,39,1,1,56,2,0.331,0.323,0.654,29,0.237,0.0
송승환,두산,0.25,11,28,28,3,7,1,0,1,11,4,0,0,0,0,0,7,0,0.393,0.25,0.643,1,0.182,0.667
박세혁,두산,0.248,128,402,351,33,87,13,1,3,111,41,8,4,33,1,6,71,4,0.316,0.32,0.636,18,0.354,0.2
김재환,두산,0.248,128,517,448,64,111,24,1,23,206,72,0,4,61,4,4,133,5,0.46,0.34,0.8,22,0.271,0.333
김인태,두산,0.247,83,279,235,25,58,6,0,5,79,25,0,0,41,1,3,47,6,0.336,0.366,0.702,11,0.246,0.25
양석환,두산,0.244,107,446,405,58,99,14,1,20,175,51,0,2,32,3,7,101,3,0.432,0.309,0.741,23,0.245,0.0
양찬열,두산,0.244,41,94,82,15,20,4,0,3,33,12,1,0,11,0,0,23,2,0.402,0.333,0.735,3,0.238,0.5
이유찬,두산,0.241,13,31,29,3,7,0,0,1,10,2,1,1,0,0,0,12,0,0.345,0.233,0.578,2,0.0,0.0
김대한,두산,0.24,51,110,96,13,23,6,1,4,43,11,2,1,5,0,6,27,0,0.448,0.315,0.763,2,0.222,0.5
박유연,두산,0.235,13,19,17,0,4,0,0,0,4,2,0,0,1,0,1,5,1,0.235,0.316,0.551,0,0.25,0.333
조수행,두산,0.235,117,134,119,36,28,4,1,1,37,9,2,2,10,0,1,31,4,0.311,0.295,0.606,3,0.219,0.0
박계범,두산,0.221,77,168,145,21,32,8,0,2,46,14,6,2,12,1,3,40,1,0.317,0.29,0.607,3,0.156,0.0
김재호,두산,0.215,102,264,223,26,48,7,0,1,58,21,7,4,28,0,2,33,5,0.26,0.304,0.564,8,0.149,0.2
안재석,두산,0.213,99,264,235,22,50,10,0,3,69,17,4,2,19,1,4,71,5,0.294,0.281,0.575,8,0.217,0.5
장승현,두산,0.208,60,109,96,6,20,3,0,0,23,9,3,1,5,0,4,27,2,0.24,0.274,0.514,4,0.241,0.0
오재원,두산,0.172,18,31,29,2,5,2,0,0,7,4,0,1,1,0,0,9,1,0.241,0.194,0.435,0,0.111,0.0
홍성호,두산,0.167,12,19,18,3,3,0,0,0,3,0,0,0,1,0,0,7,1,0.167,0.211,0.378,1,0.0,0.0
강진성,두산,0.163,40,94,80,7,13,2,0,1,18,8,1,0,11,1,2,20,2,0.225,0.28,0.505,2,0.217,0.273
서예일,두산,0.16,35,27,25,2,4,1,0,0,5,2,1,0,1,0,0,6,1,0.2,0.192,0.392,0,0.167,0.0
신성현,두산,0.087,17,25,23,3,2,0,0,1,5,2,0,0,2,0,0,5,2,0.217,0.16,0.377,0,0.125,0.0
권민석,두산,0.0,16,3,3,3,0,0,0,0,0,0,0,0,0,0,0,1,0,0.0,0.0,0.0,0,0.0,0.0
김강률,두산,-,5,0,0,0,0,0,0,0,0,0,0,0,0,0,0,0,0,-,-,-,0,0.0,0.0
김동주,두산,-,1,0,0,0,0,0,0,0,0,0,0,0,0,0,0,0,0,-,-,-,0,0.0,0.0
김명신,두산,-,3,0,0,0,0,0,0,0,0,0,0,0,0,0,0,0,0,-,-,-,0,0.0,0.0
김지용,두산,-,3,0,0,0,0,0,0,0,0,0,0,0,0,0,0,0,0,-,-,-,0,0.0,0.0
박신지,두산,-,1,0,0,0,0,0,0,0,0,0,0,0,0,0,0,0,0,-,-,-,0,0.0,0.0
박정수,두산,-,1,0,0,0,0,0,0,0,0,0,0,0,0,0,0,0,0,-,-,-,0,0.0,0.0
윤명준,두산,-,1,0,0,0,0,0,0,0,0,0,0,0,0,0,0,0,0,-,-,-,0,0.0,0.0
이승진,두산,-,1,0,0,0,0,0,0,0,0,0,0,0,0,0,0,0,0,-,-,-,0,0.0,0.0
임창민,두산,-,3,0,0,0,0,0,0,0,0,0,0,0,0,0,0,0,0,-,-,-,0,0.0,0.0
장원준,두산,-,1,0,0,0,0,0,0,0,0,0,0,0,0,0,0,0,0,-,-,-,0,0.0,0.0
정철원,두산,-,2,0,0,0,0,0,0,0,0,0,0,0,0,0,0,0,0,-,-,-,0,0.0,0.0
최용제,두산,-,1,1,0,0,0,0,0,0,0,0,0,0,0,0,1,0,0,-,1.000,1.000,0,0.0,0.0
홍건희,두산,-,7,0,0,0,0,0,0,0,0,0,0,0,0,0,0,0,0,-,-,-,0,0.0,0.0
이대호,롯데,0.331,142,591,540,53,179,23,0,23,271,101,0,6,43,7,2,56,26,0.502,0.379,0.881,53,0.318,0.2
렉스,롯데,0.330,56,251,218,32,72,10,1,8,108,34,0,2,26,2,5,44,4,0.495,0.410,0.905,24,0.449,0.0
고승민,롯데,0.316,92,262,234,31,74,15,1,5,106,30,2,1,25,0,0,47,6,0.453,0.381,0.834,17,0.328,0.455
한동희,롯데,0.307,129,499,456,43,140,27,0,14,209,65,0,4,33,2,6,64,15,0.458,0.359,0.817,41,0.278,0.444
전준우,롯데,0.304,120,517,470,73,143,31,1,11,209,68,0,9,35,1,3,73,14,0.445,0.350,0.795,45,0.285,0.25
황성빈,롯데,0.294,102,353,320,62,94,12,4,1,117,16,7,2,22,0,2,55,2,0.366,0.341,0.707,22,0.241,0.25
안치홍,롯데,0.284,132,562,493,71,140,27,3,14,215,58,8,5,51,4,5,52,13,0.436,0.354,0.790,38,0.222,0.333
김민수,롯데,0.257,57,156,140,9,36,6,0,0,42,11,3,0,9,0,4,48,2,0.300,0.320,0.620,7,0.333,0.5
정훈,롯데,0.245,91,340,294,39,72,8,0,3,89,32,6,6,32,0,2,66,6,0.303,0.317,0.620,18,0.235,0.231
이호연,롯데,0.244,88,222,205,20,50,10,1,2,68,16,4,0,11,1,2,38,5,0.332,0.289,0.621,11,0.222,0.167
신윤후,롯데,0.235,49,73,68,8,16,4,2,2,30,7,0,0,4,0,1,15,0,0.441,0.288,0.729,2,0.176,0.4
피터스,롯데,0.228,85,354,316,32,72,16,0,13,127,48,0,4,26,1,8,77,5,0.402,0.299,0.701,18,0.215,0.0
박승욱,롯데,0.227,100,228,198,29,45,7,2,1,59,16,12,0,16,0,2,69,1,0.298,0.292,0.590,11,0.255,0.0
추재현,롯데,0.224,33,66,58,10,13,4,0,0,17,5,0,0,7,0,1,17,1,0.293,0.318,0.611,1,0.25,0.25
지시완,롯데,0.213,75,199,174,16,37,7,0,3,53,17,2,1,20,1,2,55,7,0.305,0.299,0.604,6,0.227,0.313
이학주,롯데,0.207,91,260,232,29,48,11,1,3,70,15,9,1,16,0,2,54,3,0.302,0.263,0.565,9,0.19,0.0
정보근,롯데,0.191,95,226,199,8,38,2,0,1,43,15,10,1,14,0,2,55,4,0.216,0.250,0.466,6,0.208,0.0
조세진,롯데,0.186,39,88,86,6,16,3,0,0,19,6,1,0,1,0,0,25,4,0.221,0.195,0.416,4,0.222,0.125
장두성,롯데,0.174,53,28,23,7,4,0,0,0,4,0,0,0,5,0,0,11,0,0.174,0.321,0.495,0,0.0,0.0
안중열,롯데,0.155,33,84,71,8,11,0,0,2,17,2,0,0,11,0,2,19,2,0.239,0.286,0.525,2,0.0,0.167
윤동희,롯데,0.154,4,13,13,1,2,1,0,0,3,1,0,0,0,0,0,2,1,0.231,0.154,0.385,1,0.0,0.0
한태양,롯데,0.148,38,72,61,14,9,1,0,0,10,3,4,0,5,0,2,24,1,0.164,0.235,0.399,1,0.273,0.0
김민수,롯데,0.143,5,7,7,0,1,0,0,0,1,1,0,0,0,0,0,4,0,0.143,0.143,0.286,0,0.333,0.0
배성근,롯데,0.128,22,41,39,3,5,1,0,0,6,0,0,0,2,0,0,12,3,0.154,0.171,0.325,1,0.167,0.0
강태율,롯데,0.094,19,38,32,0,3,1,0,0,4,3,3,0,2,0,1,9,2,0.125,0.171,0.296,0,0.1,0.0
강로한,롯데,-,1,0,0,0,0,0,0,0,0,0,0,0,0,0,0,0,0,-,-,-,0,0.0,0.0
강윤구,롯데,-,1,0,0,0,0,0,0,0,0,0,0,0,0,0,0,0,0,-,-,-,0,0.0,0.0
구승민,롯데,-,1,0,0,0,0,0,0,0,0,0,0,0,0,0,0,0,0,-,-,-,0,0.0,0.0
김세민,롯데,0.000,4,4,1,1,0,0,0,0,0,0,2,0,1,0,0,0,0,0.000,0.500,0.500,0,0.0,0.0
김원중,롯데,-,1,0,0,0,0,0,0,0,0,0,0,0,0,0,0,0,0,-,-,-,0,0.0,0.0
김재유,롯데,-,1,0,0,0,0,0,0,0,0,0,0,0,0,0,0,0,0,-,-,-,0,0.0,0.0
문경찬,롯데,-,1,0,0,0,0,0,0,0,0,0,0,0,0,0,0,0,0,-,-,-,0,0.0,0.0
이병헌,삼성,0.75,3,4,4,1,3,1,0,0,4,1,0,0,0,0,0,1,0,1.0,0.75,1.75,1,0.5,0.0
피렐라,삼성,0.342,141,630,561,102,192,33,4,28,317,109,0,2,55,12,12,81,19,0.565,0.411,0.976,57,0.375,0.0
김재성,삼성,0.335,63,185,161,16,54,10,0,3,73,26,1,3,18,0,2,40,4,0.453,0.402,0.855,14,0.311,0.286
강한울,삼성,0.323,94,252,226,31,73,12,1,1,90,26,4,2,20,0,0,48,2,0.398,0.375,0.773,19,0.257,0.25
조민성,삼성,0.308,12,16,13,3,4,0,0,1,7,3,0,0,2,0,1,7,0,0.538,0.438,0.976,0,0.25,0.333
김태군,삼성,0.298,102,235,205,20,61,11,0,2,78,25,6,3,17,0,4,34,15,0.38,0.358,0.738,8,0.31,0.435
구자욱,삼성,0.293,99,442,409,69,120,23,3,5,164,38,1,2,27,2,3,84,7,0.401,0.34,0.741,32,0.248,0.0
김지찬,삼성,0.28,113,429,361,62,101,7,6,0,120,25,19,2,45,0,2,64,2,0.332,0.361,0.693,24,0.262,0.286
오선진,삼성,0.276,100,306,268,30,74,8,0,3,91,24,16,1,18,0,3,51,5,0.34,0.328,0.668,13,0.288,0.2
김현준,삼성,0.275,118,422,363,57,100,19,4,0,127,22,8,0,45,0,6,80,1,0.35,0.365,0.715,23,0.278,0.333
오재일,삼성,0.268,135,536,470,57,126,42,0,21,231,94,0,7,57,8,2,133,7,0.491,0.345,0.836,31,0.304,0.333
이원석,삼성,0.267,88,335,288,31,77,13,0,10,120,60,3,6,33,2,5,70,7,0.417,0.346,0.763,18,0.368,0.5
강민호,삼성,0.258,130,444,396,38,102,19,1,13,162,66,1,3,41,4,3,58,21,0.409,0.33,0.739,19,0.287,0.4
김상수,삼성,0.251,72,260,235,30,59,11,0,2,76,29,4,2,18,0,1,44,6,0.323,0.305,0.628,14,0.3,0.4
김동진,삼성,0.25,5,4,4,0,1,1,0,0,2,0,0,0,0,0,0,2,0,0.5,0.25,0.75,0,0.0,0.0
김재혁,삼성,0.242,15,39,33,5,8,1,0,0,9,3,0,1,4,0,1,9,0,0.273,0.333,0.606,1,0.25,0.25
이재현,삼성,0.235,75,239,230,23,54,4,0,7,79,23,3,0,5,0,1,44,6,0.343,0.254,0.597,13,0.25,0.0
이해승,삼성,0.232,46,106,99,11,23,3,0,0,26,5,6,0,1,0,0,29,1,0.263,0.24,0.503,6,0.286,0.0
김동엽,삼성,0.221,30,100,95,9,21,5,0,2,32,4,0,1,4,0,0,22,1,0.337,0.25,0.587,4,0.133,0.25
박승규,삼성,0.216,62,83,74,10,16,2,0,0,18,4,5,1,3,0,0,15,0,0.243,0.244,0.487,2,0.211,0.25
김헌곤,삼성,0.192,80,239,224,18,43,8,0,1,54,20,2,3,9,0,1,22,10,0.241,0.224,0.465,12,0.184,0.25
김성윤,삼성,0.19,48,49,42,14,8,3,0,1,14,2,1,0,5,0,1,10,0,0.333,0.292,0.625,0,0.125,0.25
최영진,삼성,0.188,43,91,80,5,15,4,0,2,25,10,1,0,8,0,2,20,2,0.313,0.278,0.591,3,0.182,0.25
이태훈,삼성,0.176,10,18,17,2,3,0,0,0,3,0,0,0,1,0,0,6,0,0.176,0.222,0.398,1,0.0,0.167
공민규,삼성,0.158,15,22,19,0,3,0,0,0,3,2,0,1,1,0,1,10,0,0.158,0.227,0.385,0,0.167,0.0
안주형,삼성,0.15,18,23,20,2,3,0,0,0,3,2,1,1,1,0,0,6,0,0.15,0.182,0.332,0,0.125,1.0
김호재,삼성,0.143,21,29,28,1,4,1,0,0,5,1,0,0,1,0,0,9,1,0.179,0.172,0.351,0,0.143,0.0
송준석,삼성,0.138,17,32,29,3,4,0,0,0,4,1,1,0,1,0,1,5,1,0.138,0.194,0.332,0,0.143,0.0
김영웅,삼성,0.133,13,15,15,2,2,0,0,1,5,1,0,0,0,0,0,7,0,0.333,0.133,0.466,0,0.0,0.0
김성표,삼성,0.118,17,18,17,5,2,0,0,0,2,0,0,0,1,0,0,5,0,0.118,0.167,0.285,0,0.0,0.0
이성규,삼성,0.074,13,34,27,5,2,0,0,0,2,1,0,0,5,0,2,8,1,0.074,0.265,0.339,0,0.143,0.5
김서준,삼성,-,1,0,0,0,0,0,0,0,0,0,0,0,0,0,0,0,0,-,-,-,0,0.0,0.0
박주혁,삼성,-,2,0,0,0,0,0,0,0,0,0,0,0,0,0,0,0,0,-,-,-,0,0.0,0.0
오승환,삼성,-,3,0,0,0,0,0,0,0,0,0,0,0,0,0,0,0,0,-,-,-,0,0.0,0.0
우규민,삼성,-,1,0,0,0,0,0,0,0,0,0,0,0,0,0,0,0,0,-,-,-,0,0.0,0.0
윤정빈,삼성,0.000,13,10,10,1,0,0,0,0,0,0,0,0,0,0,0,5,0,0.000,0.000,0.000,0,0.0,0.0
이상민,삼성,-,1,0,0,0,0,0,0,0,0,0,0,0,0,0,0,0,0,-,-,-,0,0.0,0.0
홍정우,삼성,-,2,0,0,0,0,0,0,0,0,0,0,0,0,0,0,0,0,-,-,-,0,0.0,0.0
이정후,키움,0.349,142,627,553,85,193,36,10,23,318,113,0,3,66,12,5,32,10,0.575,0.421,0.996,58,0.387,0.333
김혜성,키움,0.318,129,566,516,81,164,18,7,4,208,48,0,3,47,3,0,83,9,0.403,0.373,0.776,43,0.295,0.0
푸이그,키움,0.277,126,547,473,65,131,30,0,21,224,73,0,4,58,1,12,100,6,0.474,0.367,0.841,37,0.268,0.0
임지열,키움,0.275,40,148,131,16,36,6,0,1,45,15,3,2,10,0,2,43,2,0.344,0.331,0.675,10,0.306,0.5
김태진,키움,0.268,77,276,254,37,68,5,1,0,75,20,3,1,17,0,1,30,4,0.295,0.315,0.610,18,0.211,0.4
이지영,키움,0.267,137,450,420,38,112,13,4,2,139,37,8,0,20,2,2,44,16,0.331,0.303,0.634,26,0.262,0.364
이명기,키움,0.250,2,4,4,0,1,0,0,0,1,0,0,0,0,0,0,2,0,0.250,0.250,0.500,0,0.0,0.0
이재홍,키움,0.250,4,4,4,0,1,0,0,0,1,0,0,0,0,0,0,2,0,0.250,0.250,0.500,0,0.0,0.0
송성문,키움,0.247,142,601,547,67,135,21,4,13,203,79,1,7,45,6,1,65,8,0.371,0.302,0.673,31,0.269,0.0
김웅빈,키움,0.226,45,135,115,17,26,5,1,1,36,11,3,0,13,1,4,38,2,0.313,0.326,0.639,4,0.129,0.231
박주홍,키움,0.224,21,57,49,4,11,1,1,0,14,3,0,0,8,1,0,18,1,0.286,0.333,0.619,2,0.111,0.0
김휘집,키움,0.222,112,393,333,40,74,12,1,8,112,36,3,4,39,0,14,115,6,0.336,0.326,0.662,14,0.177,0.0
박찬혁,키움,0.211,52,175,161,13,34,5,0,6,57,17,0,0,9,0,5,67,1,0.354,0.274,0.628,4,0.237,0.0
김재현,키움,0.207,56,88,82,4,17,4,0,1,24,9,2,1,2,0,1,19,3,0.293,0.233,0.526,3,0.286,0.0
전병우,키움,0.203,115,231,197,14,40,7,0,5,62,21,9,1,17,0,7,68,5,0.315,0.288,0.603,9,0.103,0.286
김주형,키움,0.200,55,130,110,16,22,7,1,1,34,5,2,1,4,0,13,29,4,0.309,0.305,0.614,4,0.0,0.5
이용규,키움,0.199,86,326,271,34,54,6,0,0,60,21,1,2,45,0,7,42,7,0.221,0.326,0.547,12,0.211,0.154
김준완,키움,0.192,111,398,317,43,61,10,2,1,78,28,6,3,64,0,8,71,4,0.246,0.339,0.585,12,0.219,0.0
이병규,키움,0.184,24,40,38,7,7,1,1,0,10,5,0,0,2,0,0,11,0,0.263,0.225,0.488,1,0.25,0.0
김수환,키움,0.179,57,168,140,18,25,6,0,4,43,14,3,1,21,0,3,56,0,0.307,0.297,0.604,5,0.107,0.167
이주형,키움,0.169,32,85,71,7,12,0,0,1,15,8,0,1,10,0,3,27,0,0.211,0.294,0.505,0,0.143,0.111
박준태,키움,0.157,52,84,70,9,11,4,0,1,18,10,1,0,11,0,2,33,0,0.257,0.289,0.546,0,0.235,0.0
신준우,키움,0.140,76,54,43,6,6,3,0,0,9,0,2,0,7,0,2,19,0,0.209,0.288,0.497,0,0.091,0.0
예진원,키움,0.100,20,14,10,0,1,0,0,0,1,0,1,0,3,0,0,3,0,0.100,0.308,0.408,0,0.0,0.0
김시앙,키움,0.083,13,14,12,1,1,0,0,0,1,0,1,0,1,0,0,8,1,0.083,0.154,0.237,0,0.0,0.0
강민국,키움,0.000,3,4,3,0,0,0,0,0,0,1,0,0,1,0,0,1,0,0.000,0.250,0.250,0,0.0,0.0
김성진,키움,-,2,0,0,0,0,0,0,0,0,0,0,0,0,0,0,0,0,-,-,-,0,0.0,0.0
김태훈,키움,-,1,0,0,0,0,0,0,0,0,0,0,0,0,0,0,0,0,-,-,-,0,0.0,0.0
노운현,키움,-,1,0,0,0,0,0,0,0,0,0,0,0,0,0,0,0,0,-,-,-,0,0.0,0.0
박승주,키움,-,1,0,0,0,0,0,0,0,0,0,0,0,0,0,0,0,0,-,-,-,0,0.0,0.0
박주성,키움,-,2,0,0,0,0,0,0,0,0,0,0,0,0,0,0,0,0,-,-,-,0,0.0,0.0
애플러,키움,-,1,0,0,0,0,0,0,0,0,0,0,0,0,0,0,0,0,-,-,-,0,0.0,0.0
하영민,키움,-,3,0,0,0,0,0,0,0,0,0,0,0,0,0,0,0,0,-,-,-,0,0.0,0.0
유상빈,한화,0.326,17,49,46,3,15,5,0,0,20,4,2,1,0,0,0,11,0,0.435,0.319,0.754,5,0.182,0.667
터크먼,한화,0.289,144,648,575,88,166,37,4,12,247,43,0,2,64,5,7,104,12,0.430,0.366,0.796,47,0.216,0.0
노시환,한화,0.281,115,490,434,55,122,24,1,6,166,59,0,4,48,1,4,95,13,0.382,0.355,0.737,33,0.322,1.0
정은원,한화,0.274,140,601,508,67,139,20,2,8,187,49,4,3,85,0,1,109,10,0.368,0.377,0.745,37,0.254,0.333
변우혁,한화,0.262,21,61,61,5,16,3,0,3,28,8,0,0,0,0,0,21,3,0.459,0.262,0.721,4,0.176,0.333
김인환,한화,0.261,113,429,398,48,104,14,0,16,166,54,0,4,24,2,3,111,4,0.417,0.305,0.722,26,0.203,0.273
하주석,한화,0.258,125,483,445,50,115,18,2,5,152,58,1,3,31,1,3,126,4,0.342,0.309,0.651,29,0.255,0.75
박정현,한화,0.244,81,220,205,23,50,4,1,3,65,19,2,0,12,0,1,56,2,0.317,0.289,0.606,12,0.276,0.222
김태연,한화,0.240,119,464,404,46,97,18,0,7,136,53,3,4,48,1,5,106,9,0.337,0.325,0.662,25,0.239,0.0
장운호,한화,0.238,57,146,122,12,29,3,0,1,35,15,2,2,17,1,3,24,2,0.287,0.340,0.627,7,0.244,0.167
장진혁,한화,0.233,41,132,116,11,27,2,0,2,35,17,1,3,12,0,0,28,1,0.302,0.298,0.600,6,0.209,0.0
노수광,한화,0.229,117,361,315,33,72,18,6,4,114,30,10,3,32,1,1,107,2,0.362,0.299,0.661,19,0.258,0.231
권광민,한화,0.225,32,87,71,6,16,3,1,0,21,8,0,2,13,0,1,30,0,0.296,0.345,0.641,1,0.263,0.0
박상언,한화,0.224,56,151,134,16,30,5,1,4,49,17,5,1,11,0,0,28,2,0.366,0.281,0.647,6,0.244,0.5
최재훈,한화,0.223,114,437,364,38,81,14,0,5,110,30,5,2,44,0,21,65,17,0.302,0.339,0.641,19,0.263,0.5
허관회,한화,0.217,15,25,23,3,5,2,0,0,7,1,1,0,1,0,0,7,2,0.304,0.250,0.554,0,0.0,0.25
백용환,한화,0.200,4,5,5,1,1,1,0,0,2,0,0,0,0,0,0,1,0,0.400,0.200,0.600,0,0.0,0.0
이진영,한화,0.200,70,240,220,27,44,12,1,8,82,31,0,3,17,0,0,90,4,0.373,0.254,0.627,11,0.222,0.375
이성곤,한화,0.192,41,117,99,6,19,5,0,0,24,5,0,1,17,0,0,32,0,0.242,0.308,0.550,3,0.091,0.125
임종찬,한화,0.189,20,57,53,2,10,1,0,2,17,6,0,1,3,1,0,23,1,0.321,0.228,0.549,2,0.222,0.0
허인서,한화,0.167,8,19,18,1,3,0,0,0,3,0,0,0,1,0,0,8,0,0.167,0.211,0.378,0,0.0,0.0
이도윤,한화,0.159,80,126,113,9,18,7,0,1,28,8,4,1,8,0,0,30,1,0.248,0.213,0.461,2,0.208,0.1
유로결,한화,0.133,30,68,60,5,8,0,0,0,8,4,3,0,4,0,1,9,1,0.133,0.200,0.333,1,0.235,0.0
정민규,한화,0.130,9,24,23,3,3,0,0,0,3,0,0,0,0,0,1,11,0,0.130,0.167,0.297,0,0.0,0.0
이원석,한화,0.114,20,39,35,4,4,0,0,1,7,1,1,0,3,0,0,18,1,0.200,0.184,0.384,0,0.0,0.0
원혁재,한화,0.095,11,23,21,2,2,1,0,0,3,0,0,0,2,0,0,12,0,0.143,0.174,0.317,0,0.2,0.0
강상원,한화,-,1,0,0,0,0,0,0,0,0,0,0,0,0,0,0,0,0,-,-,-,0,0.0,0.0
김민우,한화,-,1,0,0,0,0,0,0,0,0,0,0,0,0,0,0,0,0,-,-,-,0,0.0,0.0
김범수,한화,-,1,0,0,0,0,0,0,0,0,0,0,0,0,0,0,0,0,-,-,-,0,0.0,0.0
류희운,한화,-,2,0,0,0,0,0,0,0,0,0,0,0,0,0,0,0,0,-,-,-,0,0.0,0.0
신정락,한화,-,1,0,0,0,0,0,0,0,0,0,0,0,0,0,0,0,0,-,-,-,0,0.0,0.0
윤호솔,한화,-,1,0,0,0,0,0,0,0,0,0,0,0,0,0,0,0,0,-,-,-,0,0.0,0.0
이해창,한화,0.000,4,11,10,0,0,0,0,0,0,0,1,0,0,0,0,2,1,0.000,0.000,0.000,0,0.0,0.0
장시환,한화,-,3,0,0,0,0,0,0,0,0,0,0,0,0,0,0,0,0,-,-,-,0,0.0,0.0
주현상,한화,-,2,0,0,0,0,0,0,0,0,0,0,0,0,0,0,0,0,-,-,-,0,0.0,0.0
