순위,선수명,팀명,AVG,AB,H,2B,3B,HR,RBI,BB,HBP,SO,GDP,Year,Position,Inning
1,이호연,KT,0.500,12,6,2,0,0,2,2,0,1,0,2023,내야수,1
2,강백호,KT,0.395,43,17,3,0,2,5,2,0,10,0,2023,내야수,1
3,김상수,KT,0.357,56,20,3,0,0,5,11,0,7,0,2023,내야수,1
4,박병호,KT,0.257,70,18,2,0,4,24,5,3,23,2,2023,내야수,1
5,박경수,KT,0.250,4,1,1,0,0,0,0,0,0,0,2023,내야수,1
5,오윤석,KT,0.250,4,1,1,0,0,2,0,0,0,0,2023,내야수,1
7,황재균,KT,0.230,61,14,3,0,0,4,4,0,11,1,2023,내야수,1
8,류현인,KT,0.000,1,0,0,0,0,0,0,0,0,0,2023,내야수,1
8,이상호,KT,0.000,2,0,0,0,0,0,0,0,0,0,2023,내야수,1
1,황재균,KT,0.343,35,12,3,0,1,5,3,1,9,1,2023,내야수,2
2,오윤석,KT,0.316,38,12,4,0,0,2,3,1,5,2,2023,내야수,2
3,이호연,KT,0.262,42,11,1,0,1,3,2,0,5,1,2023,내야수,2
4,박병호,KT,0.250,32,8,1,0,1,2,5,0,10,0,2023,내야수,2
4,이상호,KT,0.250,4,1,0,0,0,1,0,0,1,0,2023,내야수,2
6,강백호,KT,0.222,18,4,1,0,2,7,2,0,8,0,2023,내야수,2
6,박경수,KT,0.222,27,6,2,0,0,1,5,1,8,0,2023,내야수,2
8,장준원,KT,0.214,14,3,0,0,0,3,1,0,3,0,2023,내야수,2
9,김상수,KT,0.120,50,6,1,0,0,8,5,0,7,4,2023,내야수,2
10,신본기,KT,0.100,10,1,0,0,0,0,2,0,2,1,2023,내야수,2
11,강민성,KT,0.000,4,0,0,0,0,0,0,0,2,0,2023,내야수,2
11,류현인,KT,0.000,2,0,0,0,0,0,0,0,0,0,2023,내야수,2
11,박민석,KT,0.000,1,0,0,0,0,0,0,0,1,0,2023,내야수,2
11,손민석,KT,0.000,1,0,0,0,0,0,0,0,0,0,2023,내야수,2
1,신본기,KT,0.600,5,3,2,0,1,2,2,0,2,0,2023,내야수,3
2,황재균,KT,0.422,45,19,2,0,1,8,4,0,2,0,2023,내야수,3
3,박병호,KT,0.362,58,21,4,0,3,17,6,0,14,1,2023,내야수,3
4,강백호,KT,0.313,32,10,1,1,1,4,3,0,5,0,2023,내야수,3
5,박경수,KT,0.286,21,6,3,0,0,1,5,0,3,0,2023,내야수,3
6,이상호,KT,0.250,4,1,0,0,0,0,0,0,0,0,2023,내야수,3
7,장준원,KT,0.222,9,2,0,0,0,0,1,0,2,0,2023,내야수,3
8,김상수,KT,0.192,52,10,0,0,0,4,5,0,11,1,2023,내야수,3
9,오윤석,KT,0.133,15,2,0,0,0,0,1,0,3,0,2023,내야수,3
10,이호연,KT,0.100,20,2,0,0,0,0,0,1,6,2,2023,내야수,3
11,강민성,KT,0.000,4,0,0,0,0,0,0,0,2,0,2023,내야수,3
11,김병희,KT,0.000,1,0,0,0,0,0,0,0,1,0,2023,내야수,3
11,류현인,KT,0.000,3,0,0,0,0,0,0,0,0,0,2023,내야수,3
11,문상준,KT,0.000,1,0,0,0,0,0,0,0,1,0,2023,내야수,3
11,손민석,KT,0.000,2,0,0,0,0,0,0,0,1,0,2023,내야수,3
1,황재균,KT,0.423,52,22,8,0,0,4,3,0,7,2,2023,내야수,4
2,강백호,KT,0.318,22,7,2,0,1,6,4,0,4,0,2023,내야수,4
3,김상수,KT,0.308,52,16,2,0,1,7,5,0,8,0,2023,내야수,4
4,오윤석,KT,0.300,30,9,3,1,1,3,0,0,8,1,2023,내야수,4
5,박경수,KT,0.263,19,5,0,0,0,0,1,0,2,0,2023,내야수,4
6,이호연,KT,0.250,24,6,0,0,0,0,1,0,7,0,2023,내야수,4
7,박병호,KT,0.220,50,11,1,0,1,8,5,1,15,1,2023,내야수,4
8,신본기,KT,0.167,6,1,0,0,0,2,2,1,1,0,2023,내야수,4
9,장준원,KT,0.083,12,1,0,0,0,0,3,0,4,0,2023,내야수,4
10,김병희,KT,0.000,1,0,0,0,0,0,0,0,1,0,2023,내야수,4
10,류현인,KT,0.000,1,0,0,0,0,0,0,0,1,0,2023,내야수,4
10,박민석,KT,0.000,1,0,0,0,0,0,0,0,1,0,2023,내야수,4
10,손민석,KT,-,0,0,0,0,0,0,0,1,0,0,2023,내야수,4
10,이상호,KT,0.000,5,0,0,0,0,0,0,0,3,0,2023,내야수,4
1,박병호,KT,0.311,45,14,0,0,0,4,5,1,13,1,2023,내야수,5
2,김상수,KT,0.302,53,16,2,0,0,8,9,0,8,2,2023,내야수,5
3,이호연,KT,0.296,27,8,1,1,1,3,2,1,5,1,2023,내야수,5
4,황재균,KT,0.279,43,12,1,0,1,7,8,0,10,1,2023,내야수,5
5,오윤석,KT,0.269,26,7,0,0,2,3,4,0,9,1,2023,내야수,5
6,류현인,KT,0.250,4,1,0,0,0,1,0,0,0,0,2023,내야수,5
7,강백호,KT,0.222,27,6,1,0,1,6,5,0,5,0,2023,내야수,5
8,이상호,KT,0.200,5,1,0,0,0,0,0,0,1,1,2023,내야수,5
9,박경수,KT,0.138,29,4,1,0,0,3,3,0,8,0,2023,내야수,5
10,신본기,KT,0.111,9,1,0,0,0,0,1,0,2,0,2023,내야수,5
11,장준원,KT,0.091,11,1,1,0,0,1,2,0,4,0,2023,내야수,5
12,강민성,KT,0.000,6,0,0,0,0,0,1,0,4,0,2023,내야수,5
12,박민석,KT,0.000,1,0,0,0,0,0,0,0,1,0,2023,내야수,5
12,손민석,KT,0.000,1,0,0,0,0,0,0,0,0,0,2023,내야수,5
1,이상호,KT,0.500,4,2,1,0,0,1,0,0,1,0,2023,내야수,6
2,김상수,KT,0.347,49,17,3,0,1,8,4,1,8,1,2023,내야수,6
3,장준원,KT,0.333,9,3,0,1,1,1,1,0,2,1,2023,내야수,6
4,이호연,KT,0.296,27,8,0,0,0,2,1,0,5,1,2023,내야수,6
5,황재균,KT,0.211,38,8,2,1,0,2,7,0,6,2,2023,내야수,6
6,박병호,KT,0.190,42,8,1,0,0,4,9,1,9,1,2023,내야수,6
7,박경수,KT,0.188,16,3,1,0,0,1,3,0,2,1,2023,내야수,6
8,강백호,KT,0.185,27,5,2,0,0,3,3,0,6,0,2023,내야수,6
9,오윤석,KT,0.176,17,3,0,0,0,0,1,3,3,0,2023,내야수,6
10,신본기,KT,0.100,10,1,0,0,0,1,1,0,1,2,2023,내야수,6
11,강민성,KT,0.000,1,0,0,0,0,0,0,0,1,0,2023,내야수,6
11,류현인,KT,0.000,1,0,0,0,0,0,1,0,0,0,2023,내야수,6
11,문상준,KT,0.000,1,0,0,0,0,0,0,0,1,0,2023,내야수,6
11,손민석,KT,0.000,2,0,0,0,0,0,0,0,0,0,2023,내야수,6
1,강민성,KT,0.667,3,2,0,0,0,0,1,0,0,0,2023,내야수,7
2,류현인,KT,0.333,3,1,0,0,0,0,0,0,1,0,2023,내야수,7
3,박병호,KT,0.300,50,15,2,0,1,10,8,1,13,1,2023,내야수,7
4,오윤석,KT,0.292,24,7,3,0,0,3,1,1,5,0,2023,내야수,7
5,장준원,KT,0.273,11,3,1,0,0,3,1,0,4,0,2023,내야수,7
6,이호연,KT,0.250,28,7,1,0,0,3,1,1,6,0,2023,내야수,7
7,김상수,KT,0.217,46,10,1,0,0,3,7,2,7,1,2023,내야수,7
8,박경수,KT,0.208,24,5,2,0,0,1,4,0,8,0,2023,내야수,7
9,황재균,KT,0.192,52,10,1,0,1,5,6,0,6,4,2023,내야수,7
10,강백호,KT,0.182,22,4,0,0,1,2,4,0,7,0,2023,내야수,7
11,김병희,KT,0.000,2,0,0,0,0,0,0,0,1,0,2023,내야수,7
11,문상준,KT,0.000,1,0,0,0,0,0,0,0,1,0,2023,내야수,7
11,손민석,KT,0.000,1,0,0,0,0,0,0,0,1,0,2023,내야수,7
11,신본기,KT,0.000,4,0,0,0,0,0,2,0,0,0,2023,내야수,7
11,이상호,KT,0.000,7,0,0,0,0,0,0,0,1,0,2023,내야수,7
1,강민성,KT,1.000,1,1,1,0,0,0,0,0,0,0,2023,내야수,8
1,박민석,KT,1.000,1,1,0,0,0,0,0,0,0,0,2023,내야수,8
3,이호연,KT,0.400,15,6,0,0,0,0,4,0,3,1,2023,내야수,8
4,김상수,KT,0.386,44,17,5,0,1,12,4,0,5,0,2023,내야수,8
5,박병호,KT,0.340,47,16,4,0,3,11,2,0,7,2,2023,내야수,8
6,류현인,KT,0.333,3,1,0,0,0,2,0,0,0,0,2023,내야수,8
6,신본기,KT,0.333,6,2,0,0,0,1,2,1,0,0,2023,내야수,8
8,오윤석,KT,0.316,19,6,1,0,0,3,1,0,3,0,2023,내야수,8
9,황재균,KT,0.279,43,12,2,0,1,6,3,0,7,2,2023,내야수,8
10,박경수,KT,0.238,21,5,2,0,0,3,3,0,7,0,2023,내야수,8
11,강백호,KT,0.207,29,6,0,0,0,5,3,0,7,0,2023,내야수,8
12,이상호,KT,0.125,8,1,0,0,0,0,2,0,0,0,2023,내야수,8
13,김병희,KT,0.000,1,0,0,0,0,0,1,0,0,0,2023,내야수,8
13,손민석,KT,0.000,1,0,0,0,0,1,1,0,0,0,2023,내야수,8
13,장준원,KT,0.000,11,0,0,0,0,1,2,0,3,0,2023,내야수,8
1,문상준,KT,0.500,2,1,0,0,0,0,0,0,1,0,2023,내야수,9
1,손민석,KT,0.500,2,1,0,0,0,0,0,0,1,0,2023,내야수,9
1,신본기,KT,0.500,4,2,0,0,0,1,2,0,0,0,2023,내야수,9
4,강민성,KT,0.333,3,1,0,0,0,0,2,0,1,0,2023,내야수,9
4,이호연,KT,0.333,15,5,0,0,1,4,3,1,3,0,2023,내야수,9
6,박병호,KT,0.324,34,11,0,0,5,7,1,1,9,0,2023,내야수,9
7,강백호,KT,0.308,13,4,0,0,0,1,5,0,2,0,2023,내야수,9
8,황재균,KT,0.273,33,9,4,1,1,8,5,0,6,2,2023,내야수,9
9,김상수,KT,0.219,32,7,2,0,0,0,4,0,6,0,2023,내야수,9
10,장준원,KT,0.200,10,2,0,0,0,1,0,1,3,0,2023,내야수,9
11,이상호,KT,0.154,13,2,0,0,0,2,0,0,2,1,2023,내야수,9
12,박경수,KT,0.095,21,2,1,0,1,2,5,0,7,1,2023,내야수,9
12,오윤석,KT,0.095,21,2,1,0,0,0,1,0,7,3,2023,내야수,9
14,김병희,KT,0.000,3,0,0,0,0,0,0,0,1,0,2023,내야수,9
14,류현인,KT,0.000,4,0,0,0,0,0,0,0,1,0,2023,내야수,9
1,황재균,KT,0.400,5,2,0,0,0,0,2,0,0,0,2023,내야수,"10,11,12,13,15,16,17,18"
2,오윤석,KT,0.200,5,1,0,0,1,1,1,0,1,0,2023,내야수,"10,11,12,13,15,16,17,18"
3,김상수,KT,0.111,9,1,0,1,0,1,1,0,1,0,2023,내야수,"10,11,12,13,15,16,17,18"
4,강백호,KT,0.000,5,0,0,0,0,0,0,0,1,1,2023,내야수,"10,11,12,13,15,16,17,18"
4,류현인,KT,0.000,1,0,0,0,0,0,0,0,1,0,2023,내야수,"10,11,12,13,15,16,17,18"
4,박경수,KT,0.000,3,0,0,0,0,0,1,0,1,0,2023,내야수,"10,11,12,13,15,16,17,18"
4,박병호,KT,0.000,3,0,0,0,0,0,0,0,1,0,2023,내야수,"10,11,12,13,15,16,17,18"
4,이상호,KT,0.000,2,0,0,0,0,1,0,0,0,0,2023,내야수,"10,11,12,13,15,16,17,18"
4,이호연,KT,0.000,2,0,0,0,0,0,0,0,0,0,2023,내야수,"10,11,12,13,15,16,17,18"
4,장준원,KT,-,0,0,0,0,0,0,1,0,0,0,2023,내야수,"10,11,12,13,15,16,17,18"
1,홍현빈,KT,0.429,7,3,0,0,0,0,2,0,1,0,2023,외야수,1
2,김민혁,KT,0.299,87,26,4,1,0,0,5,2,7,0,2023,외야수,1
3,알포드,KT,0.232,95,22,5,0,1,13,12,3,29,3,2023,외야수,1
4,문상철,KT,0.231,26,6,1,0,0,1,2,0,7,1,2023,외야수,1
5,배정대,KT,0.182,11,2,0,0,0,0,1,1,3,0,2023,외야수,1
6,조용호,KT,0.143,28,4,0,0,0,0,1,0,4,0,2023,외야수,1
7,안치영,KT,0.000,8,0,0,0,0,0,1,0,5,0,2023,외야수,1
7,정준영,KT,0.000,2,0,0,0,0,0,0,0,1,0,2023,외야수,1
1,정준영,KT,0.500,4,2,0,0,0,1,0,0,1,0,2023,외야수,2
2,알포드,KT,0.370,27,10,2,1,0,0,4,0,6,0,2023,외야수,2
3,문상철,KT,0.333,36,12,2,0,1,3,3,1,8,0,2023,외야수,2
4,조용호,KT,0.308,13,4,1,0,0,1,1,0,2,0,2023,외야수,2
5,김민혁,KT,0.276,29,8,1,0,0,2,3,0,3,0,2023,외야수,2
6,배정대,KT,0.261,46,12,3,0,1,5,7,0,12,0,2023,외야수,2
7,안치영,KT,0.250,12,3,1,0,0,3,0,0,3,0,2023,외야수,2
8,김병준,KT,0.000,1,0,0,0,0,0,0,0,1,0,2023,외야수,2
8,이시원,KT,0.000,2,0,0,0,0,0,1,0,0,0,2023,외야수,2
8,홍현빈,KT,0.000,5,0,0,0,0,0,1,0,2,0,2023,외야수,2
1,알포드,KT,0.413,63,26,7,1,4,19,2,1,15,0,2023,외야수,3
2,조용호,KT,0.273,22,6,0,0,0,1,3,0,4,1,2023,외야수,3
3,안치영,KT,0.263,19,5,1,0,0,1,1,0,4,1,2023,외야수,3
4,김민혁,KT,0.238,63,15,4,1,1,11,2,0,12,1,2023,외야수,3
5,홍현빈,KT,0.231,13,3,1,0,0,0,1,0,5,0,2023,외야수,3
6,배정대,KT,0.195,41,8,2,0,0,2,5,0,8,0,2023,외야수,3
7,문상철,KT,0.095,21,2,0,0,1,3,1,0,4,0,2023,외야수,3
8,송민섭,KT,0.000,1,0,0,0,0,0,0,0,1,0,2023,외야수,3
8,이시원,KT,0.000,2,0,0,0,0,0,1,0,2,0,2023,외야수,3
8,정준영,KT,0.000,3,0,0,0,0,0,1,0,1,0,2023,외야수,3
1,이시원,KT,0.667,3,2,0,0,0,0,0,0,0,0,2023,외야수,4
2,홍현빈,KT,0.400,5,2,1,0,0,0,1,0,2,0,2023,외야수,4
3,알포드,KT,0.350,60,21,5,0,5,11,1,1,13,0,2023,외야수,4
4,조용호,KT,0.333,15,5,0,0,0,1,3,0,2,0,2023,외야수,4
5,김민혁,KT,0.324,34,11,4,0,1,8,2,0,4,1,2023,외야수,4
6,문상철,KT,0.293,41,12,4,0,1,6,4,0,12,1,2023,외야수,4
7,안치영,KT,0.250,16,4,0,0,0,0,0,1,5,0,2023,외야수,4
8,배정대,KT,0.231,39,9,2,0,1,7,1,0,9,1,2023,외야수,4
9,정준영,KT,0.200,5,1,0,0,0,1,0,0,1,0,2023,외야수,4
10,김병준,KT,0.000,1,0,0,0,0,0,0,0,1,0,2023,외야수,4
1,송민섭,KT,1.000,1,1,0,0,0,0,0,0,0,0,2023,외야수,5
2,김민혁,KT,0.469,49,23,2,0,0,4,7,0,1,0,2023,외야수,5
3,정준영,KT,0.400,5,2,0,0,0,2,0,0,2,0,2023,외야수,5
4,배정대,KT,0.333,36,12,0,0,0,3,6,0,10,0,2023,외야수,5
4,안치영,KT,0.333,18,6,0,1,0,3,0,0,3,0,2023,외야수,5
6,알포드,KT,0.296,54,16,4,0,3,16,5,0,11,0,2023,외야수,5
7,문상철,KT,0.227,22,5,3,0,0,5,2,0,9,0,2023,외야수,5
8,조용호,KT,0.143,14,2,0,0,0,0,3,0,2,0,2023,외야수,5
9,이시원,KT,0.000,2,0,0,0,0,0,0,0,1,0,2023,외야수,5
9,홍현빈,KT,0.000,8,0,0,0,0,0,3,0,1,0,2023,외야수,5
1,안치영,KT,0.389,18,7,1,0,0,1,0,0,4,0,2023,외야수,6
2,조용호,KT,0.357,14,5,0,0,0,0,6,0,0,1,2023,외야수,6
3,홍현빈,KT,0.333,3,1,0,0,0,0,1,0,1,0,2023,외야수,6
4,문상철,KT,0.275,40,11,1,0,3,7,0,1,9,1,2023,외야수,6
5,알포드,KT,0.260,50,13,3,0,1,3,6,1,15,0,2023,외야수,6
6,배정대,KT,0.250,44,11,2,0,0,9,4,2,14,1,2023,외야수,6
7,김민혁,KT,0.233,43,10,1,0,1,5,6,0,5,1,2023,외야수,6
8,이시원,KT,0.200,5,1,0,0,0,0,0,0,1,0,2023,외야수,6
9,정준영,KT,0.167,6,1,1,0,0,1,0,0,0,0,2023,외야수,6
10,송민섭,KT,0.000,1,0,0,0,0,0,0,0,0,0,2023,외야수,6
1,문상철,KT,0.364,33,12,2,0,2,9,1,0,7,1,2023,외야수,7
2,배정대,KT,0.355,31,11,3,0,0,7,2,0,5,0,2023,외야수,7
3,안치영,KT,0.333,9,3,0,0,0,1,2,0,5,0,2023,외야수,7
4,김민혁,KT,0.286,35,10,1,0,0,5,2,0,9,0,2023,외야수,7
4,정준영,KT,0.286,7,2,0,0,0,0,0,0,2,0,2023,외야수,7
6,알포드,KT,0.250,52,13,1,0,0,1,2,0,15,0,2023,외야수,7
7,조용호,KT,0.200,20,4,0,0,0,2,3,0,4,1,2023,외야수,7
8,홍현빈,KT,0.154,13,2,0,0,0,0,1,0,5,0,2023,외야수,7
9,송민섭,KT,0.000,2,0,0,0,0,0,0,0,1,0,2023,외야수,7
9,이시원,KT,0.000,3,0,0,0,0,0,0,0,0,0,2023,외야수,7
1,정준영,KT,0.500,6,3,1,0,0,1,1,0,2,1,2023,외야수,8
2,홍현빈,KT,0.444,9,4,0,0,0,1,1,0,1,1,2023,외야수,8
3,조용호,KT,0.350,20,7,1,0,0,2,2,0,3,0,2023,외야수,8
4,배정대,KT,0.294,34,10,1,0,0,2,8,0,8,0,2023,외야수,8
5,김민혁,KT,0.257,35,9,2,1,0,2,7,1,3,1,2023,외야수,8
6,알포드,KT,0.255,55,14,4,1,0,6,11,0,21,2,2023,외야수,8
7,안치영,KT,0.250,12,3,0,0,0,0,1,0,2,0,2023,외야수,8
8,송민섭,KT,0.222,9,2,0,0,0,0,1,1,3,0,2023,외야수,8
9,문상철,KT,0.167,48,8,2,0,0,8,1,1,16,0,2023,외야수,8
10,이시원,KT,0.000,7,0,0,0,0,0,0,0,1,0,2023,외야수,8
1,안치영,KT,0.500,10,5,0,0,0,0,1,0,3,0,2023,외야수,9
2,배정대,KT,0.360,25,9,2,0,0,3,2,0,5,0,2023,외야수,9
3,김민혁,KT,0.300,20,6,1,0,0,4,2,0,3,0,2023,외야수,9
4,정준영,KT,0.286,7,2,0,0,0,0,1,0,0,0,2023,외야수,9
5,조용호,KT,0.273,11,3,0,0,0,0,1,0,1,0,2023,외야수,9
6,문상철,KT,0.267,30,8,4,0,0,2,2,0,6,0,2023,외야수,9
7,알포드,KT,0.226,31,7,0,0,1,1,4,0,13,1,2023,외야수,9
8,홍현빈,KT,0.222,9,2,0,0,0,0,2,0,2,1,2023,외야수,9
9,이시원,KT,0.200,5,1,0,0,0,1,0,0,1,0,2023,외야수,9
10,송민섭,KT,0.000,9,0,0,0,0,0,0,0,3,0,2023,외야수,9
1,배정대,KT,0.500,4,2,1,0,0,0,2,0,2,0,2023,외야수,"10,11,12,13,15,16,17,18"
2,문상철,KT,0.429,7,3,1,0,1,2,0,0,3,0,2023,외야수,"10,11,12,13,15,16,17,18"
3,정준영,KT,0.333,3,1,0,0,0,0,0,0,1,0,2023,외야수,"10,11,12,13,15,16,17,18"
4,김민혁,KT,0.000,2,0,0,0,0,0,0,0,1,0,2023,외야수,"10,11,12,13,15,16,17,18"
4,안치영,KT,0.000,2,0,0,0,0,0,0,1,1,0,2023,외야수,"10,11,12,13,15,16,17,18"
4,알포드,KT,0.000,4,0,0,0,0,0,0,0,2,0,2023,외야수,"10,11,12,13,15,16,17,18"
4,조용호,KT,0.000,4,0,0,0,0,0,0,0,3,0,2023,외야수,"10,11,12,13,15,16,17,18"
4,홍현빈,KT,0.000,1,0,0,0,0,0,0,0,1,0,2023,외야수,"10,11,12,13,15,16,17,18"
1,김준태,KT,1.000,2,2,0,0,1,3,2,0,0,0,2023,포수,1
2,강현우,KT,0.500,4,2,1,0,0,2,0,0,0,0,2023,포수,1
3,장성우,KT,0.200,35,7,2,0,1,12,4,1,4,1,2023,포수,1
1,장성우,KT,0.344,61,21,3,0,1,5,8,0,15,0,2023,포수,2
2,김준태,KT,0.188,16,3,0,0,0,0,0,0,4,2,2023,포수,2
3,강현우,KT,0.077,13,1,0,0,0,1,1,0,1,0,2023,포수,2
1,김준태,KT,0.429,7,3,0,0,0,1,0,0,0,0,2023,포수,3
2,장성우,KT,0.310,42,13,3,0,2,11,5,0,8,0,2023,포수,3
3,강현우,KT,0.273,11,3,1,0,0,1,0,0,2,0,2023,포수,3
1,장성우,KT,0.281,57,16,7,0,4,10,2,0,14,0,2023,포수,4
2,강현우,KT,0.167,12,2,0,0,0,0,1,0,1,1,2023,포수,4
3,김준태,KT,0.111,9,1,0,0,0,2,4,0,2,0,2023,포수,4
1,강현우,KT,0.333,9,3,1,0,0,1,0,0,1,0,2023,포수,5
2,장성우,KT,0.295,44,13,1,0,1,8,5,0,7,5,2023,포수,5
3,김준태,KT,0.000,13,0,0,0,0,1,1,1,4,0,2023,포수,5
1,장성우,KT,0.333,45,15,1,0,1,8,5,1,5,1,2023,포수,6
2,김준태,KT,0.300,10,3,1,0,0,3,4,0,1,1,2023,포수,6
3,강현우,KT,0.000,13,0,0,0,0,1,2,0,2,1,2023,포수,6
1,장성우,KT,0.277,47,13,2,0,0,5,4,0,7,3,2023,포수,7
2,김준태,KT,0.143,14,2,0,0,0,2,2,0,7,0,2023,포수,7
3,강현우,KT,0.100,10,1,1,0,0,0,0,1,2,0,2023,포수,7
1,강현우,KT,0.313,16,5,2,0,1,3,1,0,4,0,2023,포수,8
2,장성우,KT,0.200,45,9,1,0,1,3,4,0,7,2,2023,포수,8
3,김준태,KT,0.053,19,1,1,0,0,4,3,0,6,0,2023,포수,8
4,문상인,KT,-,0,0,0,0,0,0,1,0,0,0,2023,포수,8
1,김준태,KT,0.409,22,9,2,0,2,7,2,0,6,0,2023,포수,9
2,장성우,KT,0.357,28,10,2,0,0,2,3,0,2,0,2023,포수,9
3,강현우,KT,0.200,15,3,0,0,0,2,1,0,4,1,2023,포수,9
1,장성우,KT,0.167,6,1,0,0,0,1,2,0,1,0,2023,포수,"10,11,12,13,15,16,17,18"
2,김준태,KT,0.000,3,0,0,0,0,0,1,0,2,0,2023,포수,"10,11,12,13,15,16,17,18"
