선수명,팀명,타율,타수,안타,2루타,3루타,홈런,타점,볼넷,사구,삼진,병살타,타순
이천웅,LG,0.304,526,160,22,3,2,45,57,5,78,11,1번
이형종,LG,0.28,50,14,3,0,1,3,7,1,10,0,1번
정주현,LG,0.25,4,1,0,0,0,0,0,0,2,0,1번
신민재,LG,0.111,9,1,0,0,0,0,2,1,4,0,1번
김용의,LG,0.0,2,0,0,0,0,1,1,0,1,0,1번
윤진호,LG,0.0,2,0,0,0,0,0,0,0,1,0,1번
전민수,LG,0.0,1,0,0,0,0,0,0,0,1,0,1번
채은성,LG,0.0,1,0,0,0,0,0,0,0,1,0,1번
홍창기,LG,0.0,5,0,0,0,0,0,0,0,4,0,1번
채은성,LG,1.0,1,1,0,0,0,1,0,0,0,0,2번
홍창기,LG,0.667,6,4,1,0,0,0,0,0,2,0,2번
이천웅,LG,0.429,7,3,1,0,0,1,0,0,1,1,2번
오지환,LG,0.261,276,72,13,2,7,36,32,6,63,5,2번
정주현,LG,0.253,150,38,7,0,2,16,12,1,34,3,2번
전민수,LG,0.222,9,2,1,0,0,2,0,0,3,0,2번
박용택,LG,0.2,5,1,1,0,0,1,0,0,0,0,2번
이형종,LG,0.2,45,9,1,0,1,5,3,1,7,2,2번
신민재,LG,0.178,45,8,2,0,0,3,4,2,9,0,2번
윤진호,LG,0.143,7,1,0,0,0,0,1,0,2,0,2번
김용의,LG,0.091,11,1,0,0,0,0,2,0,3,0,2번
구본혁,LG,0.0,3,0,0,0,0,0,0,0,0,0,2번
류형우,LG,0.0,1,0,0,0,0,0,0,0,0,1,2번
박지규,LG,0.0,3,0,0,0,0,0,2,1,3,0,2번
서상우,LG,0.0,1,0,0,0,0,0,0,0,1,0,2번
정상호,LG,0.0,1,0,0,0,0,0,0,0,0,0,2번
유강남,LG,1.000,1,1,0,0,0,0,0,0,0,0,3번
김현수,LG,0.333,291,97,25,0,9,55,33,4,26,7,3번
페게로,LG,0.333,18,6,1,0,2,4,1,0,4,0,3번
이형종,LG,0.307,199,61,15,1,6,36,16,6,36,5,3번
채은성,LG,0.250,4,1,0,0,0,0,0,0,0,0,3번
박용택,LG,0.159,44,7,0,0,0,3,5,0,14,0,3번
김용의,LG,-,0,0,0,0,0,0,0,1,0,0,3번
신민재,LG,0.000,1,0,0,0,0,0,0,0,0,0,3번
윤진호,LG,0.000,2,0,0,0,0,0,0,0,0,0,3번
이성우,LG,-,0,0,0,0,0,0,0,1,0,0,3번
이천웅,LG,0.000,1,0,0,0,0,0,0,0,1,0,3번
전민수,LG,0.000,5,0,0,0,0,0,2,0,1,0,3번
홍창기,LG,0.000,1,0,0,0,0,0,1,0,0,0,3번
신민재,LG,0.500,2,1,0,0,0,0,0,0,0,0,4번
김용의,LG,0.375,16,6,2,1,0,4,1,0,3,0,4번
채은성,LG,0.299,67,20,3,0,1,9,1,0,8,0,4번
조셉,LG,0.277,166,46,1,0,8,30,14,4,34,2,4번
김현수,LG,0.269,234,63,12,0,2,27,21,2,26,4,4번
전민수,LG,0.250,8,2,0,0,0,0,0,0,0,0,4번
페게로,LG,0.224,67,15,1,0,0,11,6,1,24,2,4번
박지규,LG,-,0,0,0,0,0,1,0,1,0,0,4번
서상우,LG,0.000,3,0,0,0,0,0,0,0,2,0,4번
유강남,LG,-,0,0,0,0,0,0,1,0,0,0,4번
홍창기,LG,0.000,4,0,0,0,0,0,0,0,3,1,4번
페게로,LG,0.5,8,4,1,0,2,6,0,0,1,0,5번
박용택,LG,0.391,23,9,2,0,0,4,0,0,2,0,5번
이형종,LG,0.333,9,3,0,0,1,5,3,2,1,0,5번
채은성,LG,0.314,379,119,14,1,11,61,21,12,56,9,5번
전민수,LG,0.286,7,2,0,0,0,1,1,0,1,0,5번
유강남,LG,0.258,93,24,3,0,5,15,6,4,17,5,5번
홍창기,LG,0.25,4,1,0,0,0,0,0,1,2,0,5번
조셉,LG,0.19,21,4,2,0,0,2,0,0,7,0,5번
김용의,LG,0.0,6,0,0,0,0,0,0,0,2,0,5번
류형우,LG,0.0,1,0,0,0,0,0,0,0,0,0,5번
서상우,LG,0.0,3,0,0,0,0,0,0,0,2,0,5번
윤진호,LG,0.0,1,0,0,0,0,0,0,0,0,0,5번
이성우,LG,0.0,1,0,0,0,0,0,0,0,0,0,5번
정상호,LG,0.0,1,0,0,0,0,0,0,0,1,0,5번
서상우,LG,0.5,4,2,0,0,0,0,1,0,1,0,6번
신민재,LG,0.5,2,1,0,0,0,0,0,0,1,0,6번
조셉,LG,0.5,6,3,0,0,1,3,0,0,2,1,6번
채은성,LG,0.4,15,6,1,0,0,1,2,0,1,0,6번
윤진호,LG,0.333,3,1,0,0,0,1,0,0,1,0,6번
박용택,LG,0.325,114,37,6,0,1,14,11,0,13,3,6번
페게로,LG,0.302,106,32,7,0,5,23,5,1,34,0,6번
이형종,LG,0.291,110,32,5,0,4,13,12,0,22,2,6번
김용의,LG,0.286,7,2,0,0,0,1,0,0,2,0,6번
오지환,LG,0.276,29,8,2,1,0,0,2,0,7,0,6번
이천웅,LG,0.25,4,1,0,0,0,0,0,0,0,1,6번
유강남,LG,0.241,58,14,2,0,1,5,4,2,10,4,6번
김민성,LG,0.231,78,18,3,0,1,6,4,2,16,2,6번
전민수,LG,0.125,8,1,1,0,0,0,2,0,1,1,6번
구본혁,LG,0.0,1,0,0,0,0,0,0,0,0,0,6번
정상호,LG,0.0,1,0,0,0,0,0,0,0,0,1,6번
이천웅,LG,0.5,6,3,1,0,0,1,0,0,2,0,7번
박지규,LG,0.333,3,1,0,0,0,0,1,0,1,0,7번
백승현,LG,0.333,3,1,0,0,0,0,0,0,1,1,7번
김민성,LG,0.275,273,75,13,0,7,44,26,2,58,7,7번
유강남,LG,0.267,15,4,1,0,3,3,1,1,3,0,7번
전민수,LG,0.267,15,4,1,0,0,0,2,0,2,1,7번
오지환,LG,0.182,77,14,2,1,1,8,14,0,19,1,7번
김용의,LG,0.15,40,6,1,0,0,1,5,0,8,1,7번
구본혁,LG,0.143,7,1,0,0,1,2,3,0,1,0,7번
윤진호,LG,0.133,15,2,1,0,0,3,0,0,2,0,7번
양종민,LG,0.125,32,4,1,0,0,2,2,0,12,2,7번
김재율,LG,0.111,9,1,0,0,0,0,0,0,0,0,7번
김재성,LG,0.0,3,0,0,0,0,0,1,0,1,0,7번
김현수,LG,0.0,1,0,0,0,0,0,0,0,0,0,7번
류형우,LG,0.0,5,0,0,0,0,0,0,0,3,0,7번
박용택,LG,0.0,1,0,0,0,0,0,0,0,0,0,7번
서상우,LG,0.0,1,0,0,0,0,0,0,0,0,1,7번
신민재,LG,0.0,1,0,0,0,0,0,0,0,0,0,7번
이성우,LG,0.0,4,0,0,0,0,0,0,0,1,2,7번
이형종,LG,0.0,2,0,0,0,0,0,0,0,1,0,7번
정상호,LG,0.0,2,0,0,0,0,0,0,0,1,1,7번
정주현,LG,0.0,2,0,0,0,0,0,1,0,2,0,7번
백승현,LG,1.0,1,1,0,0,0,0,0,0,0,0,8번
서상우,LG,0.6,5,3,1,0,0,1,0,0,1,0,8번
김재성,LG,0.5,2,1,0,0,0,1,1,0,1,0,8번
류형우,LG,0.5,2,1,0,0,0,0,1,0,0,0,8번
신민재,LG,0.5,4,2,0,0,0,0,0,0,0,0,8번
채은성,LG,0.5,2,1,0,0,0,0,0,0,1,0,8번
전민수,LG,0.364,22,8,4,0,0,3,0,0,2,1,8번
구본혁,LG,0.333,3,1,0,0,0,0,0,0,0,0,8번
정주현,LG,0.3,10,3,0,0,0,0,1,0,1,0,8번
유강남,LG,0.283,247,70,16,0,7,26,18,6,52,11,8번
김용의,LG,0.257,70,18,1,2,0,7,9,1,15,0,8번
김민성,LG,0.25,4,1,0,0,0,0,0,0,0,1,8번
오지환,LG,0.192,26,5,0,0,0,0,0,1,3,1,8번
이성우,LG,0.155,58,9,3,0,0,6,3,2,10,0,8번
정상호,LG,0.105,19,2,1,0,0,2,0,0,9,1,8번
윤진호,LG,0.077,13,1,0,0,1,1,0,0,3,0,8번
박용택,LG,0.0,4,0,0,0,0,0,1,0,1,0,8번
양종민,LG,0.0,8,0,0,0,0,0,0,0,2,0,8번
이형종,LG,0.0,1,0,0,0,0,0,1,0,0,0,8번
전준호,LG,0.0,5,0,0,0,0,0,0,0,1,0,8번
조셉,LG,0.0,3,0,0,0,0,0,0,0,3,0,8번
이성우,LG,1.0,1,1,0,0,0,0,1,0,0,0,9번
조셉,LG,1.0,1,1,0,0,0,1,0,0,0,0,9번
류형우,LG,0.5,2,1,0,0,0,1,0,0,0,0,9번
양종민,LG,0.5,4,2,1,0,0,3,0,0,1,1,9번
이천웅,LG,0.5,2,1,0,0,0,1,0,0,0,0,9번
신민재,LG,0.353,17,6,1,0,0,2,2,0,3,0,9번
이형종,LG,0.333,3,1,0,0,0,1,0,0,1,0,9번
오지환,LG,0.308,65,20,6,1,1,9,9,0,21,0,9번
박용택,LG,0.25,4,1,0,0,0,0,1,0,0,0,9번
홍창기,LG,0.25,4,1,1,0,0,0,0,0,1,0,9번
김용의,LG,0.222,27,6,1,0,0,3,6,0,4,0,9번
정주현,LG,0.214,210,45,12,2,0,11,17,0,52,7,9번
전민수,LG,0.19,21,4,0,0,0,2,2,0,7,1,9번
구본혁,LG,0.183,71,13,1,0,0,4,3,2,16,0,9번
백승현,LG,0.115,26,3,1,0,0,0,0,0,9,0,9번
윤진호,LG,0.063,16,1,1,0,0,0,0,0,4,0,9번
김민성,LG,0.0,6,0,0,0,0,0,0,0,1,2,9번
박지규,LG,0.0,5,0,0,0,0,0,1,0,3,0,9번
서상우,LG,0.0,4,0,0,0,0,0,2,0,1,0,9번
유강남,LG,0.0,4,0,0,0,0,0,0,0,0,1,9번
채은성,LG,0.0,1,0,0,0,0,0,0,0,0,0,9번
채은성,LG,0.5,2,1,0,0,0,1,0,0,1,0,상위(1~2번)
홍창기,LG,0.364,11,4,1,0,0,0,0,0,6,0,상위(1~2번)
이천웅,LG,0.306,533,163,23,3,2,46,57,5,79,12,상위(1~2번)
오지환,LG,0.261,276,72,13,2,7,36,32,6,63,5,상위(1~2번)
정주현,LG,0.253,154,39,7,0,2,16,12,1,36,3,상위(1~2번)
이형종,LG,0.242,95,23,4,0,2,8,10,2,17,2,상위(1~2번)
박용택,LG,0.2,5,1,1,0,0,1,0,0,0,0,상위(1~2번)
전민수,LG,0.2,10,2,1,0,0,2,0,0,4,0,상위(1~2번)
신민재,LG,0.167,54,9,2,0,0,3,6,3,13,0,상위(1~2번)
윤진호,LG,0.111,9,1,0,0,0,0,1,0,3,0,상위(1~2번)
김용의,LG,0.077,13,1,0,0,0,1,3,0,4,0,상위(1~2번)
구본혁,LG,0.0,3,0,0,0,0,0,0,0,0,0,상위(1~2번)
류형우,LG,0.0,1,0,0,0,0,0,0,0,0,1,상위(1~2번)
박지규,LG,0.0,3,0,0,0,0,0,2,1,3,0,상위(1~2번)
서상우,LG,0.0,1,0,0,0,0,0,0,0,1,0,상위(1~2번)
정상호,LG,0.0,1,0,0,0,0,0,0,0,0,0,상위(1~2번)
신민재,LG,0.333,3,1,0,0,0,0,0,0,0,0,중심(3~5번)
채은성,LG,0.311,450,140,17,1,12,70,22,12,64,9,중심(3~5번)
이형종,LG,0.308,208,64,15,1,7,41,19,8,37,5,중심(3~5번)
김현수,LG,0.305,525,160,37,0,11,82,54,6,52,11,중심(3~5번)
김용의,LG,0.273,22,6,2,1,0,4,1,1,5,0,중심(3~5번)
페게로,LG,0.269,93,25,3,0,4,21,7,1,29,2,중심(3~5번)
조셉,LG,0.267,187,50,3,0,8,32,14,4,41,2,중심(3~5번)
유강남,LG,0.266,94,25,3,0,5,15,7,4,17,5,중심(3~5번)
박용택,LG,0.239,67,16,2,0,0,7,5,0,16,0,중심(3~5번)
전민수,LG,0.200,20,4,0,0,0,1,3,0,2,0,중심(3~5번)
홍창기,LG,0.111,9,1,0,0,0,0,1,1,5,1,중심(3~5번)
류형우,LG,0.000,1,0,0,0,0,0,0,0,0,0,중심(3~5번)
박지규,LG,-,0,0,0,0,0,1,0,1,0,0,중심(3~5번)
서상우,LG,0.000,6,0,0,0,0,0,0,0,4,0,중심(3~5번)
윤진호,LG,0.000,3,0,0,0,0,0,0,0,0,0,중심(3~5번)
이성우,LG,0.000,1,0,0,0,0,0,0,1,0,0,중심(3~5번)
이천웅,LG,0.000,1,0,0,0,0,0,0,0,1,0,중심(3~5번)
정상호,LG,0.000,1,0,0,0,0,0,0,0,1,0,중심(3~5번)
이천웅,LG,0.417,12,5,1,0,0,2,0,0,2,1,하위(6~9번)
조셉,LG,0.4,10,4,0,0,1,4,0,0,5,1,하위(6~9번)
채은성,LG,0.389,18,7,1,0,0,1,2,0,2,0,하위(6~9번)
신민재,LG,0.375,24,9,1,0,0,2,2,0,4,0,하위(6~9번)
서상우,LG,0.357,14,5,1,0,0,1,3,0,3,1,하위(6~9번)
박용택,LG,0.309,123,38,6,0,1,14,13,0,14,3,하위(6~9번)
페게로,LG,0.302,106,32,7,0,5,23,5,1,34,0,하위(6~9번)
이형종,LG,0.284,116,33,5,0,4,14,13,0,24,2,하위(6~9번)
유강남,LG,0.272,324,88,19,0,11,34,23,9,65,16,하위(6~9번)
김민성,LG,0.26,361,94,16,0,8,50,30,4,75,12,하위(6~9번)
전민수,LG,0.258,66,17,6,0,0,5,6,0,12,4,하위(6~9번)
홍창기,LG,0.25,4,1,1,0,0,0,0,0,1,0,하위(6~9번)
오지환,LG,0.239,197,47,10,3,2,17,25,1,50,2,하위(6~9번)
김용의,LG,0.222,144,32,3,2,0,12,20,1,29,1,하위(6~9번)
류형우,LG,0.222,9,2,0,0,0,1,1,0,3,0,하위(6~9번)
정주현,LG,0.216,222,48,12,2,0,11,19,0,55,7,하위(6~9번)
김재성,LG,0.2,5,1,0,0,0,1,2,0,2,0,하위(6~9번)
구본혁,LG,0.183,82,15,1,0,1,6,6,2,17,0,하위(6~9번)
백승현,LG,0.167,30,5,1,0,0,0,0,0,10,1,하위(6~9번)
이성우,LG,0.159,63,10,3,0,0,6,4,2,11,2,하위(6~9번)
양종민,LG,0.136,44,6,2,0,0,5,2,0,15,3,하위(6~9번)
박지규,LG,0.125,8,1,0,0,0,0,2,0,4,0,하위(6~9번)
김재율,LG,0.111,9,1,0,0,0,0,0,0,0,0,하위(6~9번)
윤진호,LG,0.106,47,5,2,0,1,5,0,0,10,0,하위(6~9번)
정상호,LG,0.091,22,2,1,0,0,2,0,0,10,3,하위(6~9번)
김현수,LG,0.0,1,0,0,0,0,0,0,0,0,0,하위(6~9번)
전준호,LG,0.0,5,0,0,0,0,0,0,0,1,0,하위(6~9번)
이원재,NC,0.500,2,1,0,0,0,0,0,0,0,0,1번
박민우,NC,0.336,295,99,16,4,1,29,29,3,24,8,1번
김준완,NC,0.333,3,1,0,0,0,1,0,0,0,0,1번
노진혁,NC,0.300,10,3,2,0,0,2,0,0,2,0,1번
이상호,NC,0.281,135,38,4,0,0,4,2,1,10,3,1번
이명기,NC,0.257,226,58,7,1,0,10,20,2,31,8,1번
권희동,NC,0.250,4,1,0,0,0,1,0,0,1,0,1번
손시헌,NC,0.250,4,1,0,0,0,0,0,0,2,0,1번
최승민,NC,0.250,4,1,0,0,0,0,0,0,1,0,1번
김태진,NC,0.247,85,21,2,1,0,9,2,0,16,0,1번
지석훈,NC,0.167,6,1,1,0,0,0,1,0,0,0,1번
강진성,NC,0.000,1,0,0,0,0,0,0,0,1,0,1번
김성욱,NC,0.000,1,0,0,0,0,0,0,0,1,0,1번
김찬형,NC,-,0,0,0,0,0,1,0,0,0,0,1번
김철호,NC,0.000,1,0,0,0,0,0,0,0,0,0,1번
김형준,NC,0.000,1,0,0,0,0,0,0,0,0,0,1번
유영준,NC,0.000,1,0,0,0,0,0,0,0,0,0,1번
정범모,NC,0.000,1,0,0,0,0,0,0,0,0,0,1번
이인혁,NC,1.0,1,1,0,0,0,0,0,0,0,0,2번
박석민,NC,0.5,2,1,0,0,0,0,0,0,0,0,2번
이원재,NC,0.5,2,1,0,0,0,2,0,0,1,0,2번
손시헌,NC,0.429,7,3,1,0,1,5,0,0,0,0,2번
나성범,NC,0.391,23,9,3,0,3,8,6,0,4,0,2번
박민우,NC,0.372,43,16,4,1,0,2,4,0,5,1,2번
지석훈,NC,0.35,20,7,2,0,0,0,0,0,4,1,2번
강진성,NC,0.333,6,2,0,0,0,0,0,1,3,0,2번
이명기,NC,0.323,158,51,6,1,1,11,16,1,18,4,2번
모창민,NC,0.313,16,5,2,0,0,0,0,0,4,0,2번
이상호,NC,0.294,34,10,2,0,0,2,3,0,3,2,2번
김태진,NC,0.29,162,47,4,2,1,18,7,0,22,0,2번
김성욱,NC,0.25,12,3,0,0,0,0,0,0,5,0,2번
베탄코트,NC,0.25,4,1,0,0,0,0,1,0,1,0,2번
권희동,NC,0.245,49,12,3,0,3,8,4,1,4,0,2번
노진혁,NC,0.164,73,12,4,0,2,6,5,1,16,0,2번
김준완,NC,0.143,7,1,0,0,0,0,2,0,2,0,2번
김진형,NC,0.0,1,0,0,0,0,0,0,0,0,0,2번
김찬형,NC,0.0,4,0,0,0,0,0,0,0,2,0,2번
김철호,NC,0.0,1,0,0,0,0,0,0,0,0,0,2번
김형준,NC,0.0,1,0,0,0,0,0,0,0,1,0,2번
최승민,NC,0.0,2,0,0,0,0,0,0,0,1,0,2번
김성욱,NC,1.000,1,1,0,0,0,0,0,0,0,0,3번
손시헌,NC,1.000,1,1,1,0,0,0,0,0,0,0,3번
김태진,NC,0.714,7,5,1,0,0,0,0,0,0,0,3번
이명기,NC,0.364,11,4,1,0,0,1,1,0,3,0,3번
박민우,NC,0.360,125,45,2,3,0,14,8,6,11,1,3번
나성범,NC,0.343,67,23,8,1,1,5,5,1,22,2,3번
지석훈,NC,0.333,6,2,0,0,1,2,0,0,2,0,3번
박석민,NC,0.307,150,46,7,1,8,34,15,5,24,6,3번
모창민,NC,0.294,17,5,2,0,0,0,2,0,2,0,3번
노진혁,NC,0.283,46,13,3,0,2,11,2,1,13,3,3번
권희동,NC,0.273,33,9,1,0,1,4,6,3,6,1,3번
김찬형,NC,0.250,4,1,1,0,0,0,0,0,0,0,3번
이원재,NC,0.231,13,3,0,0,0,0,2,0,2,1,3번
스몰린스키,NC,0.230,87,20,8,1,3,20,10,3,11,3,3번
강진성,NC,0.000,1,0,0,0,0,0,0,1,0,0,3번
양의지,NC,-,0,0,0,0,0,0,1,0,0,0,3번
오영수,NC,0.000,2,0,0,0,0,0,0,0,0,0,3번
이상호,NC,0.000,2,0,0,0,0,0,0,0,0,0,3번
이상호,NC,1.0,1,1,0,0,0,0,0,0,0,0,4번
이원재,NC,1.0,1,1,0,0,0,0,1,0,0,0,4번
최승민,NC,1.0,1,1,1,0,0,1,0,0,0,0,4번
나성범,NC,0.667,3,2,1,0,0,1,1,0,0,0,4번
노진혁,NC,0.5,2,1,1,0,0,0,0,0,0,0,4번
모창민,NC,0.462,13,6,1,0,1,2,2,0,3,1,4번
김형준,NC,0.364,11,4,0,0,0,0,0,0,1,1,4번
양의지,NC,0.356,365,130,24,0,17,60,44,15,37,12,4번
박석민,NC,0.27,63,17,4,0,5,17,13,3,12,5,4번
스몰린스키,NC,0.25,24,6,2,0,1,2,2,2,4,1,4번
권희동,NC,0.2,5,1,0,0,0,0,0,0,1,0,4번
베탄코트,NC,0.175,40,7,0,0,2,7,4,0,9,0,4번
정범모,NC,0.111,9,1,0,0,0,0,2,0,4,0,4번
강진성,NC,0.0,2,0,0,0,0,0,0,0,0,0,4번
김태군,NC,0.0,1,0,0,0,0,0,1,0,0,0,4번
김태진,NC,0.0,1,0,0,0,0,0,0,0,1,0,4번
손시헌,NC,0.0,2,0,0,0,0,0,0,0,0,0,4번
지석훈,NC,0.0,1,0,0,0,0,0,0,0,1,0,4번
강진성,NC,0.5,2,1,0,0,0,0,0,0,1,0,5번
지석훈,NC,0.4,5,2,1,0,0,3,2,0,0,0,5번
모창민,NC,0.323,167,54,11,2,4,39,16,2,28,3,5번
양의지,NC,0.316,19,6,1,0,3,4,3,0,4,1,5번
베탄코트,NC,0.294,85,25,5,0,4,16,9,1,13,0,5번
이명기,NC,0.267,15,4,0,0,1,1,2,0,5,0,5번
김진형,NC,0.25,4,1,0,0,0,1,0,0,0,0,5번
이원재,NC,0.231,78,18,2,0,1,10,6,1,11,2,5번
권희동,NC,0.226,31,7,3,0,0,4,5,0,7,1,5번
박석민,NC,0.219,96,21,4,0,5,18,29,3,19,5,5번
이상호,NC,0.167,6,1,0,0,0,0,0,0,1,0,5번
스몰린스키,NC,0.156,32,5,0,0,2,9,2,0,9,0,5번
김성욱,NC,0.0,2,0,0,0,0,0,0,0,0,0,5번
노진혁,NC,0.0,3,0,0,0,0,0,1,0,0,0,5번
박민우,NC,0.0,1,0,0,0,0,0,0,0,0,0,5번
이인혁,NC,0.0,1,0,0,0,0,0,0,0,1,0,5번
최승민,NC,1.0,1,1,0,0,0,0,0,0,0,0,6번
김성욱,NC,0.533,15,8,1,0,1,1,3,0,4,0,6번
이상호,NC,0.5,2,1,0,0,0,0,0,0,0,0,6번
이명기,NC,0.429,28,12,2,0,0,5,3,0,5,0,6번
모창민,NC,0.29,107,31,4,0,4,10,8,0,18,4,6번
손시헌,NC,0.273,11,3,0,0,0,1,1,0,1,1,6번
김찬형,NC,0.25,4,1,0,0,0,1,0,0,2,0,6번
이원재,NC,0.235,81,19,2,0,3,12,7,0,16,1,6번
권희동,NC,0.23,113,26,5,0,0,15,14,2,20,4,6번
노진혁,NC,0.214,56,12,1,0,3,10,8,0,15,0,6번
지석훈,NC,0.214,14,3,1,0,0,0,1,1,2,2,6번
스몰린스키,NC,0.185,27,5,0,0,2,5,1,0,6,1,6번
강진성,NC,0.179,28,5,1,0,1,4,0,1,5,4,6번
박석민,NC,0.147,34,5,1,0,1,2,7,0,9,1,6번
베탄코트,NC,0.136,22,3,1,0,0,1,1,0,8,1,6번
김진형,NC,0.0,3,0,0,0,0,0,0,0,0,0,6번
양의지,NC,0.0,1,0,0,0,0,0,0,0,0,0,6번
오영수,NC,0.0,2,0,0,0,0,0,0,0,2,0,6번
유영준,NC,0.0,1,0,0,0,0,0,0,0,0,0,6번
박석민,NC,0.444,9,4,0,0,0,1,1,1,2,0,7번
김태진,NC,0.324,34,11,3,1,0,4,3,1,6,2,7번
이원재,NC,0.318,44,14,3,0,3,9,2,0,7,1,7번
노진혁,NC,0.315,111,35,9,2,5,10,10,0,20,2,7번
스몰린스키,NC,0.300,30,9,4,0,0,5,1,0,1,2,7번
이명기,NC,0.300,40,12,1,1,0,7,4,0,4,0,7번
강진성,NC,0.286,28,8,3,1,0,5,1,1,8,1,7번
손시헌,NC,0.275,40,11,0,0,0,2,1,2,5,0,7번
권희동,NC,0.250,80,20,3,0,2,9,8,0,16,3,7번
지석훈,NC,0.211,19,4,0,0,0,3,2,3,7,0,7번
베탄코트,NC,0.207,29,6,0,0,1,2,3,0,14,0,7번
김찬형,NC,0.190,21,4,0,0,0,1,1,1,3,0,7번
김성욱,NC,0.146,48,7,3,0,1,6,3,0,13,2,7번
모창민,NC,0.118,17,2,1,0,1,4,2,1,7,0,7번
김진형,NC,0.000,1,0,0,0,0,0,0,0,1,0,7번
김형준,NC,0.000,5,0,0,0,0,0,0,0,3,0,7번
박헌욱,NC,0.000,2,0,0,0,0,0,0,0,2,0,7번
양의지,NC,0.000,1,0,0,0,0,0,0,0,1,0,7번
이상호,NC,0.000,5,0,0,0,0,0,0,0,0,1,7번
정범모,NC,0.000,1,0,0,0,0,0,0,0,0,0,7번
최승민,NC,-,0,0,0,0,0,0,1,0,0,0,7번
양의지,NC,1.0,2,2,1,0,0,4,0,0,0,0,8번
최승민,NC,1.0,1,1,0,0,0,0,0,0,0,0,8번
권희동,NC,0.4,25,10,2,0,0,0,6,1,4,1,8번
스몰린스키,NC,0.4,5,2,0,0,1,1,0,0,0,0,8번
베탄코트,NC,0.348,23,8,2,0,1,3,0,0,6,0,8번
모창민,NC,0.333,3,1,0,0,0,0,0,0,0,0,8번
박석민,NC,0.333,3,1,0,0,0,0,0,0,1,0,8번
노진혁,NC,0.324,37,12,2,0,1,2,2,0,11,2,8번
이원재,NC,0.31,29,9,4,0,1,3,1,0,8,0,8번
김찬형,NC,0.295,61,18,3,1,1,6,2,3,5,1,8번
강진성,NC,0.273,22,6,0,0,1,4,0,0,1,1,8번
김태군,NC,0.25,4,1,0,0,0,0,0,1,2,0,8번
박민우,NC,0.25,4,1,1,0,0,0,0,0,0,0,8번
오영수,NC,0.25,4,1,0,0,0,0,0,0,2,0,8번
윤수강,NC,0.25,4,1,0,0,0,0,0,0,1,1,8번
이인혁,NC,0.25,4,1,0,0,1,1,0,0,2,0,8번
김성욱,NC,0.232,56,13,2,0,2,8,7,1,11,1,8번
지석훈,NC,0.231,52,12,3,0,1,7,2,2,14,2,8번
김태진,NC,0.226,31,7,1,0,3,7,1,0,9,1,8번
손시헌,NC,0.209,43,9,2,1,1,1,2,2,13,1,8번
정범모,NC,0.2,15,3,1,0,0,2,1,0,6,0,8번
김형준,NC,0.158,38,6,2,0,1,4,3,0,8,0,8번
박헌욱,NC,0.143,7,1,1,0,0,1,0,0,3,1,8번
김진형,NC,0.1,10,1,1,0,0,1,0,0,3,1,8번
김준완,NC,0.0,1,0,0,0,0,0,0,0,0,0,8번
유영준,NC,0.0,2,0,0,0,0,0,0,0,1,0,8번
이명기,NC,0.0,1,0,0,0,0,0,1,0,0,0,8번
이상호,NC,0.0,1,0,0,0,0,0,0,1,0,0,8번
김진형,NC,1.0,1,1,0,0,0,0,0,0,0,0,9번
김준완,NC,0.4,5,2,0,0,0,0,0,0,0,0,9번
노진혁,NC,0.4,10,4,1,0,0,2,3,0,3,0,9번
권희동,NC,0.375,8,3,0,0,0,0,7,0,1,0,9번
정범모,NC,0.357,14,5,0,0,2,2,0,0,5,0,9번
박석민,NC,0.333,3,1,1,0,0,2,0,0,2,0,9번
김찬형,NC,0.319,47,15,0,1,0,3,3,0,9,0,9번
손시헌,NC,0.296,27,8,0,0,0,1,1,1,2,0,9번
이상호,NC,0.292,48,14,1,0,0,6,4,0,8,4,9번
강진성,NC,0.286,7,2,0,0,0,1,2,0,1,0,9번
김형준,NC,0.275,51,14,3,0,1,5,5,0,11,0,9번
김성욱,NC,0.224,152,34,10,1,5,21,16,2,35,1,9번
김태진,NC,0.222,54,12,3,1,1,8,3,0,13,0,9번
이명기,NC,0.2,5,1,0,0,0,1,1,1,0,0,9번
김태군,NC,0.176,17,3,0,0,0,1,3,1,6,1,9번
지석훈,NC,0.115,26,3,1,0,0,0,2,0,7,1,9번
모창민,NC,0.0,1,0,0,0,0,0,1,0,0,0,9번
양의지,NC,0.0,2,0,0,0,0,0,0,0,1,0,9번
이원재,NC,0.0,6,0,0,0,0,0,1,0,2,0,9번
이인혁,NC,0.0,2,0,0,0,0,0,1,0,0,0,9번
이인혁,NC,1.0,1,1,0,0,0,0,0,0,0,0,상위(1~2번)
박석민,NC,0.5,2,1,0,0,0,0,0,0,0,0,상위(1~2번)
이원재,NC,0.5,4,2,0,0,0,2,0,0,1,0,상위(1~2번)
나성범,NC,0.391,23,9,3,0,3,8,6,0,4,0,상위(1~2번)
손시헌,NC,0.364,11,4,1,0,1,5,0,0,2,0,상위(1~2번)
박민우,NC,0.34,338,115,20,5,1,31,33,3,29,9,상위(1~2번)
모창민,NC,0.313,16,5,2,0,0,0,0,0,4,0,상위(1~2번)
지석훈,NC,0.308,26,8,3,0,0,0,1,0,4,1,상위(1~2번)
강진성,NC,0.286,7,2,0,0,0,0,0,1,4,0,상위(1~2번)
이상호,NC,0.284,169,48,6,0,0,6,5,1,13,5,상위(1~2번)
이명기,NC,0.284,384,109,13,2,1,21,36,3,49,12,상위(1~2번)
김태진,NC,0.275,247,68,6,3,1,27,9,0,38,0,상위(1~2번)
베탄코트,NC,0.25,4,1,0,0,0,0,1,0,1,0,상위(1~2번)
권희동,NC,0.245,53,13,3,0,3,9,4,1,5,0,상위(1~2번)
김성욱,NC,0.231,13,3,0,0,0,0,0,0,6,0,상위(1~2번)
김준완,NC,0.2,10,2,0,0,0,1,2,0,2,0,상위(1~2번)
노진혁,NC,0.181,83,15,6,0,2,8,5,1,18,0,상위(1~2번)
최승민,NC,0.167,6,1,0,0,0,0,0,0,2,0,상위(1~2번)
김진형,NC,0.0,1,0,0,0,0,0,0,0,0,0,상위(1~2번)
김찬형,NC,0.0,4,0,0,0,0,1,0,0,2,0,상위(1~2번)
김철호,NC,0.0,2,0,0,0,0,0,0,0,0,0,상위(1~2번)
김형준,NC,0.0,2,0,0,0,0,0,0,0,1,0,상위(1~2번)
유영준,NC,0.0,1,0,0,0,0,0,0,0,0,0,상위(1~2번)
정범모,NC,0.0,1,0,0,0,0,0,0,0,0,0,상위(1~2번)
최승민,NC,1.0,1,1,1,0,0,1,0,0,0,0,중심(3~5번)
김태진,NC,0.625,8,5,1,0,0,0,0,0,1,0,중심(3~5번)
김형준,NC,0.364,11,4,0,0,0,0,0,0,1,1,중심(3~5번)
나성범,NC,0.357,70,25,9,1,1,6,6,1,22,2,중심(3~5번)
박민우,NC,0.357,126,45,2,3,0,14,8,6,11,1,중심(3~5번)
양의지,NC,0.354,384,136,25,0,20,64,48,15,41,13,중심(3~5번)
김성욱,NC,0.333,3,1,0,0,0,0,0,0,0,0,중심(3~5번)
손시헌,NC,0.333,3,1,1,0,0,0,0,0,0,0,중심(3~5번)
지석훈,NC,0.333,12,4,1,0,1,5,2,0,3,0,중심(3~5번)
모창민,NC,0.33,197,65,14,2,5,41,20,2,33,4,중심(3~5번)
이명기,NC,0.308,26,8,1,0,1,2,3,0,8,0,중심(3~5번)
노진혁,NC,0.275,51,14,4,0,2,11,3,1,13,3,중심(3~5번)
박석민,NC,0.272,309,84,15,1,18,69,57,11,55,16,중심(3~5번)
베탄코트,NC,0.256,125,32,5,0,6,23,13,1,22,0,중심(3~5번)
김진형,NC,0.25,4,1,0,0,0,1,0,0,0,0,중심(3~5번)
김찬형,NC,0.25,4,1,1,0,0,0,0,0,0,0,중심(3~5번)
권희동,NC,0.246,69,17,4,0,1,8,11,3,14,2,중심(3~5번)
이원재,NC,0.239,92,22,2,0,1,10,9,1,13,3,중심(3~5번)
이상호,NC,0.222,9,2,0,0,0,0,0,0,1,0,중심(3~5번)
스몰린스키,NC,0.217,143,31,10,1,6,31,14,5,24,4,중심(3~5번)
강진성,NC,0.2,5,1,0,0,0,0,0,1,1,0,중심(3~5번)
정범모,NC,0.111,9,1,0,0,0,0,2,0,4,0,중심(3~5번)
김태군,NC,0.0,1,0,0,0,0,0,1,0,0,0,중심(3~5번)
오영수,NC,0.0,2,0,0,0,0,0,0,0,0,0,중심(3~5번)
이인혁,NC,0.0,1,0,0,0,0,0,0,0,1,0,중심(3~5번)
최승민,NC,1.0,2,2,0,0,0,0,1,0,0,0,하위(6~9번)
이명기,NC,0.338,74,25,3,1,0,13,9,1,9,0,하위(6~9번)
김준완,NC,0.333,6,2,0,0,0,0,0,0,0,0,하위(6~9번)
양의지,NC,0.333,6,2,1,0,0,4,0,0,2,0,하위(6~9번)
노진혁,NC,0.294,214,63,13,2,9,24,23,0,49,4,하위(6~9번)
김찬형,NC,0.286,133,38,3,2,1,11,6,4,19,1,하위(6~9번)
이상호,NC,0.268,56,15,1,0,0,6,4,1,8,5,하위(6~9번)
정범모,NC,0.267,30,8,1,0,2,4,1,0,11,0,하위(6~9번)
모창민,NC,0.266,128,34,5,0,5,14,11,1,25,4,하위(6~9번)
이원재,NC,0.263,160,42,9,0,7,24,11,0,33,2,하위(6~9번)
권희동,NC,0.261,226,59,10,0,2,24,35,3,41,8,하위(6~9번)
스몰린스키,NC,0.258,62,16,4,0,3,11,2,0,7,3,하위(6~9번)
손시헌,NC,0.256,121,31,2,1,1,5,5,5,21,2,하위(6~9번)
김태진,NC,0.252,119,30,7,2,4,19,7,1,28,3,하위(6~9번)
박민우,NC,0.25,4,1,1,0,0,0,0,0,0,0,하위(6~9번)
윤수강,NC,0.25,4,1,0,0,0,0,0,0,1,1,하위(6~9번)
강진성,NC,0.247,85,21,4,1,2,14,3,2,15,6,하위(6~9번)
베탄코트,NC,0.23,74,17,3,0,2,6,4,0,28,1,하위(6~9번)
김성욱,NC,0.229,271,62,16,1,9,36,29,3,63,4,하위(6~9번)
박석민,NC,0.224,49,11,2,0,1,5,8,1,14,1,하위(6~9번)
김형준,NC,0.213,94,20,5,0,2,9,8,0,22,0,하위(6~9번)
지석훈,NC,0.198,111,22,5,0,1,10,7,6,30,5,하위(6~9번)
김태군,NC,0.19,21,4,0,0,0,1,3,2,8,1,하위(6~9번)
오영수,NC,0.167,6,1,0,0,0,0,0,0,4,0,하위(6~9번)
이인혁,NC,0.167,6,1,0,0,1,1,1,0,2,0,하위(6~9번)
김진형,NC,0.133,15,2,1,0,0,1,0,0,4,1,하위(6~9번)
박헌욱,NC,0.111,9,1,1,0,0,1,0,0,5,1,하위(6~9번)
유영준,NC,0.0,3,0,0,0,0,0,0,0,1,0,하위(6~9번)
허도환,SK,0.5,2,1,1,0,0,0,0,0,0,0,1번
고종욱,SK,0.385,52,20,2,1,0,2,2,0,5,1,1번
나주환,SK,0.333,3,1,0,0,0,0,1,0,2,0,1번
이재원,SK,0.333,3,1,0,0,0,1,0,0,0,0,1번
김강민,SK,0.251,179,45,4,1,4,16,15,1,44,0,1번
노수광,SK,0.242,322,78,13,1,2,25,36,2,51,1,1번
배영섭,SK,0.222,18,4,0,0,0,3,1,0,6,0,1번
김재현,SK,0.2,25,5,1,1,0,0,3,0,8,0,1번
로맥,SK,0.0,1,0,0,0,0,0,0,0,0,0,1번
정의윤,SK,0.0,1,0,0,0,0,0,0,0,0,0,1번
정진기,SK,0.0,1,0,0,0,0,0,1,0,1,0,1번
한유섬,SK,0.0,1,0,0,0,0,0,0,0,1,0,1번
김재현,SK,1.0,1,1,0,0,0,0,1,0,0,0,2번
노수광,SK,0.333,15,5,0,0,0,0,2,0,4,0,2번
고종욱,SK,0.303,188,57,10,4,3,21,7,1,40,3,2번
한유섬,SK,0.285,354,101,17,0,11,43,39,16,78,5,2번
강승호,SK,0.278,18,5,0,0,1,3,0,0,4,0,2번
로맥,SK,0.143,7,1,0,0,0,0,2,0,1,0,2번
김강민,SK,0.0,2,0,0,0,0,0,0,0,0,0,2번
김성현,SK,0.0,1,0,0,0,0,0,0,0,0,0,2번
나주환,SK,0.0,1,0,0,0,0,0,0,0,0,0,2번
박정권,SK,0.0,1,0,0,0,0,0,1,0,0,0,2번
배영섭,SK,0.0,2,0,0,0,0,0,0,0,0,0,2번
오준혁,SK,0.0,1,0,0,0,0,0,0,0,1,0,2번
채현우,SK,0.0,1,0,0,0,0,0,0,0,1,0,2번
최승준,SK,0.0,2,0,0,0,0,0,0,0,2,0,2번
최정,SK,0.0,1,0,0,0,0,0,0,0,0,0,2번
최준우,SK,1.0,1,1,0,0,0,0,1,0,0,0,3번
김강민,SK,0.391,23,9,2,1,0,6,0,3,3,0,3번
정의윤,SK,0.333,36,12,4,0,1,7,6,0,7,0,3번
최승준,SK,0.333,6,2,0,0,0,0,0,0,1,0,3번
최정,SK,0.292,463,135,26,0,26,90,57,22,82,4,3번
한유섬,SK,0.111,9,1,0,0,0,1,0,0,4,0,3번
고종욱,SK,0.0,5,0,0,0,0,0,0,0,0,0,3번
김재현,SK,0.0,1,0,0,0,0,0,0,0,0,0,3번
나주환,SK,0.0,1,0,0,0,0,0,0,0,0,0,3번
박정권,SK,0.0,3,0,0,0,0,1,1,0,3,0,3번
최경모,SK,0.0,1,0,0,0,0,0,0,0,0,0,3번
최항,SK,0.0,2,0,0,0,0,0,0,0,0,0,3번
나주환,SK,0.5,2,1,0,0,0,0,0,0,0,0,4번
이재원,SK,0.333,24,8,2,0,1,7,0,0,4,2,4번
최항,SK,0.333,3,1,0,0,0,0,0,0,1,0,4번
정의윤,SK,0.286,112,32,6,0,5,17,9,2,14,2,4번
로맥,SK,0.254,346,88,23,1,17,70,48,4,81,9,4번
고종욱,SK,0.25,4,1,0,0,0,1,0,0,1,0,4번
정진기,SK,0.2,5,1,0,0,0,2,0,0,1,0,4번
한유섬,SK,0.156,45,7,2,0,1,5,13,1,10,1,4번
김재현,SK,0.0,2,0,0,0,0,0,0,0,1,0,4번
노수광,SK,0.0,2,0,0,0,0,1,1,0,0,0,4번
박정권,SK,0.0,2,0,0,0,0,0,0,0,1,0,4번
김성현,SK,1.0,1,1,0,0,1,1,1,0,0,0,5번
임재현,SK,1.0,1,1,0,0,0,0,0,0,0,0,5번
정진기,SK,1.0,2,2,0,0,0,0,0,0,0,0,5번
김재현,SK,0.75,4,3,0,0,0,1,0,0,1,0,5번
한유섬,SK,0.5,2,1,0,0,0,0,1,0,1,0,5번
로맥,SK,0.394,66,26,1,0,7,14,12,1,17,0,5번
고종욱,SK,0.353,153,54,7,2,0,19,5,0,25,1,5번
김강민,SK,0.333,15,5,0,0,0,2,1,0,2,0,5번
박정권,SK,0.333,6,2,0,0,0,1,3,0,3,0,5번
정의윤,SK,0.292,120,35,7,0,5,17,5,1,20,5,5번
남태혁,SK,0.286,7,2,0,0,0,0,0,0,2,0,5번
정현,SK,0.25,4,1,0,0,0,1,0,0,1,0,5번
최승준,SK,0.2,5,1,0,0,0,0,1,0,2,1,5번
이재원,SK,0.188,170,32,5,0,4,18,14,4,24,7,5번
허도환,SK,0.167,6,1,0,0,0,1,0,0,0,0,5번
나주환,SK,0.0,5,0,0,0,0,0,1,0,1,1,5번
고종욱,SK,0.354,48,17,4,0,0,9,1,0,9,0,6번
최정,SK,0.333,36,12,1,0,3,9,11,4,9,0,6번
이재원,SK,0.294,126,37,9,0,0,13,5,3,22,5,6번
최승준,SK,0.286,7,2,0,0,0,0,1,0,3,0,6번
로맥,SK,0.273,77,21,4,0,4,10,11,1,16,2,6번
김강민,SK,0.252,115,29,5,0,2,10,9,0,29,0,6번
김성민,SK,0.25,4,1,0,0,0,0,0,0,3,0,6번
한유섬,SK,0.25,4,1,0,0,0,0,0,0,0,0,6번
남태혁,SK,0.2,5,1,0,0,0,1,0,0,0,0,6번
배영섭,SK,0.2,5,1,0,0,0,0,0,0,0,0,6번
나주환,SK,0.192,26,5,3,0,1,3,2,1,6,0,6번
박정권,SK,0.167,12,2,0,0,0,1,0,0,2,0,6번
정의윤,SK,0.148,54,8,1,0,1,8,4,0,8,2,6번
김성현,SK,0.0,7,0,0,0,0,0,1,0,0,0,6번
김재현,SK,0.0,2,0,0,0,0,0,0,0,0,0,6번
정현,SK,0.0,5,0,0,0,0,0,0,0,2,1,6번
허도환,SK,0.0,6,0,0,0,0,0,3,1,3,0,6번
로맥,SK,0.429,7,3,0,0,1,1,0,0,2,0,7번
정의윤,SK,0.36,50,18,5,0,1,10,5,3,10,0,7번
이재원,SK,0.33,109,36,2,0,6,30,14,0,7,2,7번
김강민,SK,0.308,78,24,2,0,2,12,6,0,24,2,7번
김성현,SK,0.295,44,13,1,0,0,6,4,0,4,0,7번
한유섬,SK,0.25,4,1,0,0,0,1,1,0,1,0,7번
고종욱,SK,0.243,37,9,2,0,0,4,3,0,7,0,7번
나주환,SK,0.239,88,21,5,0,0,13,6,2,24,3,7번
남태혁,SK,0.2,5,1,0,0,0,0,0,0,0,2,7번
허도환,SK,0.2,10,2,1,0,0,1,0,0,1,1,7번
배영섭,SK,0.133,15,2,1,0,0,2,2,0,5,0,7번
안상현,SK,0.125,8,1,0,0,0,0,0,0,1,0,7번
최항,SK,0.1,30,3,0,0,0,4,2,0,8,1,7번
강승호,SK,0.091,11,1,0,0,1,2,2,0,6,0,7번
김창평,SK,0.0,8,0,0,0,0,0,1,0,4,0,7번
이현석,SK,0.0,3,0,0,0,0,0,0,0,0,0,7번
정현,SK,0.0,2,0,0,0,0,0,1,0,1,0,7번
최경모,SK,0.0,1,0,0,0,0,1,0,0,0,0,7번
최민재,SK,0.0,2,0,0,0,0,0,0,0,0,0,7번
최정,SK,0.0,2,0,0,0,0,0,1,0,1,0,7번
고종욱,SK,0.5,2,1,0,0,0,0,0,0,0,0,8번
박정권,SK,0.5,2,1,1,0,0,1,0,0,1,0,8번
임재현,SK,0.5,2,1,0,0,0,0,0,0,1,0,8번
이재원,SK,0.4,10,4,0,0,1,4,0,1,1,0,8번
최항,SK,0.28,82,23,5,0,0,10,13,2,14,1,8번
김강민,SK,0.25,4,1,0,0,0,1,0,0,1,0,8번
배영섭,SK,0.25,12,3,0,0,0,0,1,1,2,0,8번
김성현,SK,0.244,131,32,5,1,0,6,10,0,13,6,8번
김창평,SK,0.229,35,8,2,0,0,3,2,1,5,1,8번
나주환,SK,0.202,84,17,0,0,0,2,2,0,20,2,8번
노수광,SK,0.2,5,1,0,0,0,0,1,0,2,0,8번
안상현,SK,0.172,29,5,0,0,0,1,1,0,8,1,8번
한유섬,SK,0.143,7,1,1,0,0,2,1,3,5,0,8번
허도환,SK,0.136,22,3,1,0,1,1,2,1,6,0,8번
최준우,SK,0.095,21,2,2,0,0,0,2,0,3,1,8번
정현,SK,0.053,19,1,0,0,0,1,3,0,9,0,8번
강승호,SK,0.0,6,0,0,0,0,0,0,0,4,1,8번
남태혁,SK,0.0,3,0,0,0,0,0,0,0,1,1,8번
정의윤,SK,0.0,2,0,0,0,0,0,1,0,1,0,8번
정진기,SK,0.0,8,0,0,0,0,0,0,0,0,0,8번
최경모,SK,0.0,9,0,0,0,0,0,0,0,1,0,8번
최승준,SK,0.0,2,0,0,0,0,0,0,0,2,0,8번
최정,SK,0.0,1,0,0,0,0,0,0,0,0,0,8번
남태혁,SK,0.5,2,1,0,0,0,0,2,0,0,0,9번
김재현,SK,0.429,7,3,1,0,0,1,0,0,1,0,9번
정의윤,SK,0.4,5,2,1,0,0,0,0,0,0,0,9번
최준우,SK,0.364,11,4,0,0,0,0,0,0,0,1,9번
나주환,SK,0.333,15,5,1,0,2,2,0,0,1,0,9번
이재원,SK,0.333,9,3,1,0,0,2,1,1,1,0,9번
배영섭,SK,0.316,19,6,0,0,0,2,2,1,2,0,9번
노수광,SK,0.295,44,13,3,0,0,2,6,0,11,0,9번
안상현,SK,0.277,65,18,3,0,0,4,3,0,19,2,9번
김성현,SK,0.244,242,59,10,1,0,21,17,2,26,9,9번
최경모,SK,0.2,5,1,1,0,0,0,0,0,1,0,9번
최항,SK,0.2,10,2,0,0,0,0,1,0,1,1,9번
김강민,SK,0.167,6,1,1,0,0,3,0,0,0,0,9번
박정권,SK,0.167,6,1,0,0,1,1,0,0,1,0,9번
정현,SK,0.125,8,1,0,0,0,0,2,0,4,0,9번
허도환,SK,0.091,33,3,0,0,0,3,0,1,8,2,9번
강승호,SK,0.0,4,0,0,0,0,0,0,0,4,0,9번
고종욱,SK,0.0,3,0,0,0,0,0,0,0,2,0,9번
김창평,SK,0.0,2,0,0,0,0,0,1,0,2,0,9번
한유섬,SK,0.0,1,0,0,0,0,0,0,0,0,0,9번
허도환,SK,0.5,2,1,1,0,0,0,0,0,0,0,상위(1~2번)
이재원,SK,0.333,3,1,0,0,0,1,0,0,0,0,상위(1~2번)
고종욱,SK,0.321,240,77,12,5,3,23,9,1,45,4,상위(1~2번)
한유섬,SK,0.285,355,101,17,0,11,43,39,16,79,5,상위(1~2번)
강승호,SK,0.278,18,5,0,0,1,3,0,0,4,0,상위(1~2번)
나주환,SK,0.25,4,1,0,0,0,0,1,0,2,0,상위(1~2번)
김강민,SK,0.249,181,45,4,1,4,16,15,1,44,0,상위(1~2번)
노수광,SK,0.246,337,83,13,1,2,25,38,2,55,1,상위(1~2번)
김재현,SK,0.231,26,6,1,1,0,0,4,0,8,0,상위(1~2번)
배영섭,SK,0.2,20,4,0,0,0,3,1,0,6,0,상위(1~2번)
로맥,SK,0.125,8,1,0,0,0,0,2,0,1,0,상위(1~2번)
김성현,SK,0.0,1,0,0,0,0,0,0,0,0,0,상위(1~2번)
박정권,SK,0.0,1,0,0,0,0,0,1,0,0,0,상위(1~2번)
오준혁,SK,0.0,1,0,0,0,0,0,0,0,1,0,상위(1~2번)
정의윤,SK,0.0,1,0,0,0,0,0,0,0,0,0,상위(1~2번)
정진기,SK,0.0,1,0,0,0,0,0,1,0,1,0,상위(1~2번)
채현우,SK,0.0,1,0,0,0,0,0,0,0,1,0,상위(1~2번)
최승준,SK,0.0,2,0,0,0,0,0,0,0,2,0,상위(1~2번)
최정,SK,0.0,1,0,0,0,0,0,0,0,0,0,상위(1~2번)
김성현,SK,1.0,1,1,0,0,1,1,1,0,0,0,중심(3~5번)
임재현,SK,1.0,1,1,0,0,0,0,0,0,0,0,중심(3~5번)
최준우,SK,1.0,1,1,0,0,0,0,1,0,0,0,중심(3~5번)
김재현,SK,0.429,7,3,0,0,0,1,0,0,2,0,중심(3~5번)
정진기,SK,0.429,7,3,0,0,0,2,0,0,1,0,중심(3~5번)
김강민,SK,0.368,38,14,2,1,0,8,1,3,5,0,중심(3~5번)
고종욱,SK,0.34,162,55,7,2,0,20,5,0,26,1,중심(3~5번)
정의윤,SK,0.295,268,79,17,0,11,41,20,3,41,7,중심(3~5번)
최정,SK,0.292,463,135,26,0,26,90,57,22,82,4,중심(3~5번)
남태혁,SK,0.286,7,2,0,0,0,0,0,0,2,0,중심(3~5번)
로맥,SK,0.277,412,114,24,1,24,84,60,5,98,9,중심(3~5번)
최승준,SK,0.273,11,3,0,0,0,0,1,0,3,1,중심(3~5번)
정현,SK,0.25,4,1,0,0,0,1,0,0,1,0,중심(3~5번)
이재원,SK,0.206,194,40,7,0,5,25,14,4,28,9,중심(3~5번)
최항,SK,0.2,5,1,0,0,0,0,0,0,1,0,중심(3~5번)
박정권,SK,0.182,11,2,0,0,0,2,4,0,7,0,중심(3~5번)
허도환,SK,0.167,6,1,0,0,0,1,0,0,0,0,중심(3~5번)
한유섬,SK,0.161,56,9,2,0,1,6,14,1,15,1,중심(3~5번)
나주환,SK,0.125,8,1,0,0,0,0,1,0,1,1,중심(3~5번)
노수광,SK,0.0,2,0,0,0,0,1,1,0,0,0,중심(3~5번)
최경모,SK,0.0,1,0,0,0,0,0,0,0,0,0,중심(3~5번)
임재현,SK,0.5,2,1,0,0,0,0,0,0,1,0,하위(6~9번)
김재현,SK,0.333,9,3,1,0,0,1,0,0,1,0,하위(6~9번)
이재원,SK,0.315,254,80,12,0,7,49,20,5,31,7,하위(6~9번)
최정,SK,0.308,39,12,1,0,3,9,12,4,10,0,하위(6~9번)
고종욱,SK,0.3,90,27,6,0,0,13,4,0,18,0,하위(6~9번)
노수광,SK,0.286,49,14,3,0,0,2,7,0,13,0,하위(6~9번)
로맥,SK,0.286,84,24,4,0,5,11,11,1,18,2,하위(6~9번)
김강민,SK,0.271,203,55,8,0,4,26,15,0,54,2,하위(6~9번)
정의윤,SK,0.252,111,28,7,0,2,18,10,3,19,2,하위(6~9번)
김성민,SK,0.25,4,1,0,0,0,0,0,0,3,0,하위(6~9번)
김성현,SK,0.245,424,104,16,2,0,33,32,2,43,15,하위(6~9번)
배영섭,SK,0.235,51,12,1,0,0,4,5,2,9,0,하위(6~9번)
안상현,SK,0.235,102,24,3,0,0,5,4,0,28,3,하위(6~9번)
최항,SK,0.23,122,28,5,0,0,14,16,2,23,3,하위(6~9번)
나주환,SK,0.225,213,48,9,0,3,20,10,3,51,5,하위(6~9번)
최승준,SK,0.222,9,2,0,0,0,0,1,0,5,0,하위(6~9번)
남태혁,SK,0.2,15,3,0,0,0,1,2,0,1,3,하위(6~9번)
박정권,SK,0.2,20,4,1,0,1,3,0,0,4,0,하위(6~9번)
최준우,SK,0.188,32,6,2,0,0,0,2,0,3,2,하위(6~9번)
한유섬,SK,0.188,16,3,1,0,0,3,2,3,6,0,하위(6~9번)
김창평,SK,0.178,45,8,2,0,0,3,4,1,11,1,하위(6~9번)
허도환,SK,0.113,71,8,2,0,1,5,5,3,18,3,하위(6~9번)
최경모,SK,0.067,15,1,1,0,0,1,0,0,2,0,하위(6~9번)
정현,SK,0.059,34,2,0,0,0,1,6,0,16,1,하위(6~9번)
강승호,SK,0.048,21,1,0,0,1,2,2,0,14,1,하위(6~9번)
이현석,SK,0.0,3,0,0,0,0,0,0,0,0,0,하위(6~9번)
정진기,SK,0.0,8,0,0,0,0,0,0,0,0,0,하위(6~9번)
최민재,SK,0.0,2,0,0,0,0,0,0,0,0,0,하위(6~9번)
오재원,두산,1.000,1,1,1,0,0,1,0,0,0,0,1번
김경호,두산,0.667,3,2,1,0,0,2,0,0,0,0,1번
정진호,두산,0.500,4,2,0,0,0,0,1,0,1,0,1번
정병곤,두산,0.333,3,1,0,0,0,1,1,0,0,0,1번
박건우,두산,0.317,145,46,7,2,5,21,16,2,16,5,1번
류지혁,두산,0.303,33,10,0,0,0,3,1,2,4,0,1번
정수빈,두산,0.263,167,44,8,1,0,15,25,3,30,3,1번
허경민,두산,0.255,235,60,10,0,2,26,16,3,19,6,1번
국해성,두산,-,0,0,0,0,0,0,1,0,0,0,1번
김대한,두산,0.000,1,0,0,0,0,0,1,0,1,0,1번
김재환,두산,0.000,1,0,0,0,0,0,0,0,1,0,1번
백동훈,두산,0.000,5,0,0,0,0,0,0,0,3,0,1번
서예일,두산,0.000,3,0,0,0,0,0,0,0,0,0,1번
신성현,두산,0.000,2,0,0,0,0,0,0,0,2,0,1번
김인태,두산,1.000,1,1,0,1,0,1,0,0,0,0,2번
이유찬,두산,1.000,1,1,0,0,0,1,0,0,0,0,2번
정병곤,두산,1.000,1,1,0,0,0,1,0,0,0,0,2번
허경민,두산,1.000,1,1,1,0,0,0,0,0,0,0,2번
페르난데스,두산,0.345,374,129,23,0,12,57,36,4,34,11,2번
정수빈,두산,0.282,149,42,8,3,0,14,16,2,16,1,2번
류지혁,두산,0.200,20,4,0,0,0,2,1,0,5,0,2번
정진호,두산,0.167,12,2,0,0,0,1,0,0,3,0,2번
최주환,두산,0.167,36,6,1,0,1,3,3,0,5,0,2번
김재환,두산,0.000,1,0,0,0,0,0,0,0,1,0,2번
박세혁,두산,-,0,0,0,0,0,1,0,0,0,0,2번
백동훈,두산,0.000,3,0,0,0,0,0,0,0,1,0,2번
송승환,두산,0.000,1,0,0,0,0,0,0,0,0,0,2번
신성현,두산,0.000,1,0,0,0,0,0,0,0,1,0,2번
오재원,두산,0.000,4,0,0,0,0,0,0,0,1,0,2번
허경민,두산,1.000,2,2,1,0,0,0,1,0,0,0,3번
페르난데스,두산,0.403,67,27,4,0,2,14,9,1,5,0,3번
박건우,두산,0.331,254,84,15,3,4,37,27,5,33,13,3번
오재일,두산,0.303,132,40,12,1,6,29,16,2,23,0,3번
최주환,두산,0.278,97,27,3,0,2,15,12,0,15,5,3번
김경호,두산,0.000,1,0,0,0,0,0,0,0,0,0,3번
김대한,두산,0.000,2,0,0,0,0,0,1,0,1,0,3번
김재호,두산,0.000,1,0,0,0,0,0,0,0,1,0,3번
류지혁,두산,0.000,4,0,0,0,0,0,0,0,0,1,3번
백동훈,두산,0.000,2,0,0,0,0,0,1,0,1,0,3번
오재원,두산,0.000,5,0,0,0,0,0,0,0,1,0,3번
이유찬,두산,0.000,1,0,0,0,0,0,0,0,0,0,3번
정수빈,두산,0.000,1,0,0,0,0,0,0,0,0,0,3번
정진호,두산,0.000,3,0,0,0,0,0,0,0,1,0,3번
이유찬,두산,1.000,1,1,0,0,0,0,0,0,0,0,4번
오재일,두산,0.356,45,16,3,0,3,11,2,0,8,0,4번
최주환,두산,0.333,3,1,0,0,0,0,1,0,1,0,4번
김재환,두산,0.275,443,122,16,5,14,84,55,4,103,7,4번
페르난데스,두산,0.273,55,15,2,0,1,4,8,0,5,3,4번
김인태,두산,0.250,4,1,0,0,0,0,0,0,1,0,4번
김경호,두산,0.000,5,0,0,0,0,0,0,0,2,0,4번
백동훈,두산,0.000,1,0,0,0,0,0,0,0,1,0,4번
신성현,두산,0.000,2,0,0,0,0,0,2,1,1,0,4번
이흥련,두산,0.000,1,0,0,0,0,0,0,0,1,0,4번
정진호,두산,0.000,4,0,0,0,0,0,0,0,1,0,4번
국해성,두산,1.000,1,1,1,0,0,0,0,1,0,0,5번
신성현,두산,1.000,1,1,0,0,0,0,0,0,0,0,5번
김재호,두산,0.393,28,11,4,0,0,5,5,1,6,2,5번
허경민,두산,0.368,19,7,3,0,0,3,2,1,1,0,5번
페르난데스,두산,0.338,68,23,4,0,0,9,8,1,8,1,5번
오재원,두산,0.333,6,2,1,0,0,1,2,0,2,0,5번
최주환,두산,0.333,117,39,8,0,0,26,8,1,11,2,5번
김재환,두산,0.300,30,9,0,0,1,4,7,0,4,0,5번
오재일,두산,0.277,191,53,9,0,9,49,25,0,53,3,5번
박건우,두산,0.250,52,13,5,0,1,5,15,0,8,5,5번
박세혁,두산,0.214,14,3,0,0,1,4,1,1,4,0,5번
김경호,두산,0.000,1,0,0,0,0,0,0,0,0,0,5번
김인태,두산,0.000,2,0,0,0,0,0,0,0,0,0,5번
류지혁,두산,0.000,2,0,0,0,0,0,0,0,1,0,5번
백동훈,두산,0.000,2,0,0,0,0,0,0,1,0,0,5번
이유찬,두산,0.000,1,0,0,0,0,0,0,0,1,0,5번
정수빈,두산,0.000,1,0,0,0,0,0,0,0,0,0,5번
정진호,두산,0.000,3,0,0,0,0,0,1,0,1,0,5번
박건우,두산,0.600,5,3,0,0,0,1,1,0,0,0,6번
김재환,두산,0.444,18,8,4,0,0,3,1,1,4,0,6번
페르난데스,두산,0.429,7,3,1,0,0,4,0,0,1,1,6번
오재일,두산,0.341,41,14,3,0,1,5,2,0,3,1,6번
김인태,두산,0.333,3,1,0,0,1,1,1,0,1,1,6번
류지혁,두산,0.333,12,4,0,0,0,1,1,1,2,1,6번
정병곤,두산,0.333,3,1,0,0,0,0,0,0,0,0,6번
정진호,두산,0.333,3,1,0,0,0,0,1,0,0,0,6번
박세혁,두산,0.296,162,48,9,2,0,18,9,2,23,0,6번
이흥련,두산,0.286,7,2,1,0,0,0,0,0,0,0,6번
허경민,두산,0.277,94,26,3,1,2,15,7,6,10,5,6번
김재호,두산,0.266,124,33,5,0,0,13,16,2,18,0,6번
최주환,두산,0.174,23,4,1,0,1,1,3,0,3,2,6번
오재원,두산,0.161,31,5,2,0,0,2,6,0,7,2,6번
국해성,두산,0.000,1,0,0,0,0,0,0,0,0,1,6번
김경호,두산,0.000,1,0,0,0,0,0,0,0,0,0,6번
신성현,두산,0.000,1,0,0,0,0,0,1,0,0,0,6번
이유찬,두산,0.000,1,0,0,0,0,0,0,0,0,0,6번
장승현,두산,0.000,3,0,0,0,0,0,0,1,0,0,6번
김재환,두산,1.000,1,1,0,0,0,0,0,0,0,0,7번
류지혁,두산,0.353,34,12,2,2,0,5,4,1,7,0,7번
국해성,두산,0.333,3,1,0,0,0,0,1,0,2,0,7번
백동훈,두산,0.333,12,4,0,0,0,1,1,0,4,0,7번
허경민,두산,0.294,68,20,2,0,0,7,4,3,2,4,7번
박세혁,두산,0.275,131,36,5,5,0,25,18,3,18,2,7번
오재일,두산,0.250,44,11,2,0,0,5,7,0,11,1,7번
이흥련,두산,0.250,12,3,0,1,0,1,1,0,6,0,7번
신성현,두산,0.231,13,3,0,0,1,2,4,0,6,0,7번
김재호,두산,0.211,123,26,4,0,1,13,19,2,21,5,7번
김인태,두산,0.158,19,3,0,0,0,2,4,0,5,1,7번
장승현,두산,0.143,7,1,0,0,0,1,0,0,1,0,7번
정진호,두산,0.143,7,1,0,0,0,0,1,0,1,0,7번
오재원,두산,0.121,33,4,1,1,0,2,5,0,10,0,7번
김경호,두산,0.000,1,0,0,0,0,0,0,0,0,0,7번
김대한,두산,0.000,1,0,0,0,0,0,0,0,0,0,7번
박건우,두산,0.000,1,0,0,0,0,0,0,0,0,0,7번
박유연,두산,0.000,1,0,0,0,0,0,0,0,1,0,7번
이유찬,두산,0.000,1,0,0,0,0,0,0,0,0,0,7번
정수빈,두산,0.389,18,7,0,0,0,3,2,0,4,0,8번
이흥련,두산,0.368,19,7,1,0,0,4,1,0,4,1,8번
허경민,두산,0.286,35,10,2,0,0,3,1,4,2,1,8번
백동훈,두산,0.273,11,3,2,0,0,1,1,0,1,0,8번
박세혁,두산,0.271,133,36,5,2,3,15,13,1,23,3,8번
정진호,두산,0.267,30,8,0,0,0,1,6,0,7,1,8번
김경호,두산,0.250,8,2,0,0,0,0,0,0,3,0,8번
오재일,두산,0.214,14,3,0,0,2,3,3,1,1,0,8번
김재호,두산,0.207,29,6,1,0,1,2,6,0,1,1,8번
류지혁,두산,0.205,83,17,1,0,0,9,8,1,12,1,8번
김인태,두산,0.200,15,3,1,0,1,1,1,0,3,0,8번
장승현,두산,0.194,31,6,2,0,0,2,3,0,12,0,8번
국해성,두산,0.176,17,3,2,0,0,2,2,0,7,2,8번
최주환,두산,0.167,6,1,0,0,0,1,0,0,0,1,8번
신성현,두산,0.143,14,2,0,0,0,3,2,0,4,0,8번
오재원,두산,0.129,31,4,2,0,0,3,0,0,13,0,8번
정병곤,두산,0.100,10,1,1,0,0,2,1,1,2,0,8번
이유찬,두산,0.000,4,0,0,0,0,0,0,0,1,0,8번
페르난데스,두산,0.000,1,0,0,0,0,0,0,0,1,0,8번
허경민,두산,0.524,21,11,3,0,0,6,3,0,2,0,9번
김재호,두산,0.347,72,25,8,0,2,15,21,2,11,2,9번
이유찬,두산,0.333,3,1,0,0,0,0,0,0,1,0,9번
이흥련,두산,0.333,3,1,0,0,0,0,0,0,1,0,9번
최주환,두산,0.333,3,1,0,0,0,1,1,0,0,0,9번
김인태,두산,0.313,16,5,1,0,0,2,2,0,2,0,9번
신성현,두산,0.286,7,2,0,0,0,1,1,0,0,0,9번
류지혁,두산,0.250,88,22,3,0,0,14,9,2,9,3,9번
정수빈,두산,0.229,105,24,3,1,0,9,14,1,10,2,9번
정진호,두산,0.200,30,6,0,0,1,1,1,0,9,1,9번
오재원,두산,0.197,66,13,1,0,3,9,12,0,16,1,9번
김경호,두산,0.167,6,1,0,0,0,0,0,0,2,0,9번
정병곤,두산,0.100,10,1,0,0,0,0,0,1,2,2,9번
백동훈,두산,0.091,11,1,0,0,0,0,1,0,5,0,9번
국해성,두산,0.077,13,1,0,0,0,0,1,0,4,0,9번
김대한,두산,0.000,11,0,0,0,0,0,1,0,7,0,9번
김재환,두산,0.000,1,0,0,0,0,0,0,0,0,0,9번
박건우,두산,0.000,1,0,0,0,0,0,1,0,0,0,9번
박세혁,두산,0.000,1,0,0,0,0,0,0,0,0,0,9번
송승환,두산,0.000,1,0,0,0,0,0,0,0,1,0,9번
김인태,두산,1.000,1,1,0,1,0,1,0,0,0,0,상위(1~2번)
이유찬,두산,1.000,1,1,0,0,0,1,0,0,0,0,상위(1~2번)
김경호,두산,0.667,3,2,1,0,0,2,0,0,0,0,상위(1~2번)
정병곤,두산,0.500,4,2,0,0,0,2,1,0,0,0,상위(1~2번)
페르난데스,두산,0.345,374,129,23,0,12,57,36,4,34,11,상위(1~2번)
박건우,두산,0.317,145,46,7,2,5,21,16,2,16,5,상위(1~2번)
정수빈,두산,0.272,316,86,16,4,0,29,41,5,46,4,상위(1~2번)
류지혁,두산,0.264,53,14,0,0,0,5,2,2,9,0,상위(1~2번)
허경민,두산,0.258,236,61,11,0,2,26,16,3,19,6,상위(1~2번)
정진호,두산,0.250,16,4,0,0,0,1,1,0,4,0,상위(1~2번)
오재원,두산,0.200,5,1,1,0,0,1,0,0,1,0,상위(1~2번)
최주환,두산,0.167,36,6,1,0,1,3,3,0,5,0,상위(1~2번)
국해성,두산,-,0,0,0,0,0,0,1,0,0,0,상위(1~2번)
김대한,두산,0.000,1,0,0,0,0,0,1,0,1,0,상위(1~2번)
김재환,두산,0.000,2,0,0,0,0,0,0,0,2,0,상위(1~2번)
박세혁,두산,-,0,0,0,0,0,1,0,0,0,0,상위(1~2번)
백동훈,두산,0.000,8,0,0,0,0,0,0,0,4,0,상위(1~2번)
서예일,두산,0.000,3,0,0,0,0,0,0,0,0,0,상위(1~2번)
송승환,두산,0.000,1,0,0,0,0,0,0,0,0,0,상위(1~2번)
신성현,두산,0.000,3,0,0,0,0,0,0,0,3,0,상위(1~2번)
국해성,두산,1.000,1,1,1,0,0,0,0,1,0,0,중심(3~5번)
허경민,두산,0.429,21,9,4,0,0,3,3,1,1,0,중심(3~5번)
김재호,두산,0.379,29,11,4,0,0,5,5,1,7,2,중심(3~5번)
페르난데스,두산,0.342,190,65,10,0,3,27,25,2,18,4,중심(3~5번)
신성현,두산,0.333,3,1,0,0,0,0,2,1,1,0,중심(3~5번)
이유찬,두산,0.333,3,1,0,0,0,0,0,0,1,0,중심(3~5번)
박건우,두산,0.317,306,97,20,3,5,42,42,5,41,18,중심(3~5번)
최주환,두산,0.309,217,67,11,0,2,41,21,1,27,7,중심(3~5번)
오재일,두산,0.296,368,109,24,1,18,89,43,2,84,3,중심(3~5번)
김재환,두산,0.277,473,131,16,5,15,88,62,4,107,7,중심(3~5번)
박세혁,두산,0.214,14,3,0,0,1,4,1,1,4,0,중심(3~5번)
오재원,두산,0.182,11,2,1,0,0,1,2,0,3,0,중심(3~5번)
김인태,두산,0.167,6,1,0,0,0,0,0,0,1,0,중심(3~5번)
김경호,두산,0.000,7,0,0,0,0,0,0,0,2,0,중심(3~5번)
김대한,두산,0.000,2,0,0,0,0,0,1,0,1,0,중심(3~5번)
류지혁,두산,0.000,6,0,0,0,0,0,0,0,1,1,중심(3~5번)
백동훈,두산,0.000,5,0,0,0,0,0,1,1,2,0,중심(3~5번)
이흥련,두산,0.000,1,0,0,0,0,0,0,0,1,0,중심(3~5번)
정수빈,두산,0.000,2,0,0,0,0,0,0,0,0,0,중심(3~5번)
정진호,두산,0.000,10,0,0,0,0,0,1,0,3,0,중심(3~5번)
김재환,두산,0.450,20,9,4,0,0,3,1,1,4,0,하위(6~9번)
박건우,두산,0.429,7,3,0,0,0,1,2,0,0,0,하위(6~9번)
페르난데스,두산,0.375,8,3,1,0,0,4,0,0,2,1,하위(6~9번)
이흥련,두산,0.317,41,13,2,1,0,5,2,0,11,1,하위(6~9번)
허경민,두산,0.307,218,67,10,1,2,31,15,13,16,10,하위(6~9번)
오재일,두산,0.283,99,28,5,0,3,13,12,1,15,2,하위(6~9번)
박세혁,두산,0.281,427,120,19,9,3,58,40,6,64,5,하위(6~9번)
김재호,두산,0.259,348,90,18,0,4,43,62,6,51,8,하위(6~9번)
류지혁,두산,0.253,217,55,6,2,0,29,22,5,30,5,하위(6~9번)
정수빈,두산,0.252,123,31,3,1,0,12,16,1,14,2,하위(6~9번)
백동훈,두산,0.235,34,8,2,0,0,2,3,0,10,0,하위(6~9번)
정진호,두산,0.229,70,16,0,0,1,2,9,0,17,2,하위(6~9번)
김인태,두산,0.226,53,12,2,0,2,6,8,0,11,2,하위(6~9번)
신성현,두산,0.200,35,7,0,0,1,6,8,0,10,0,하위(6~9번)
김경호,두산,0.188,16,3,0,0,0,0,0,0,5,0,하위(6~9번)
최주환,두산,0.188,32,6,1,0,1,3,4,0,3,3,하위(6~9번)
장승현,두산,0.171,41,7,2,0,0,3,3,1,13,0,하위(6~9번)
오재원,두산,0.161,161,26,6,1,3,16,23,0,46,3,하위(6~9번)
국해성,두산,0.147,34,5,2,0,0,2,4,0,13,3,하위(6~9번)
정병곤,두산,0.130,23,3,1,0,0,2,1,2,4,2,하위(6~9번)
이유찬,두산,0.111,9,1,0,0,0,0,0,0,2,0,하위(6~9번)
김대한,두산,0.000,12,0,0,0,0,0,1,0,7,0,하위(6~9번)
박유연,두산,0.000,1,0,0,0,0,0,0,0,1,0,하위(6~9번)
송승환,두산,0.000,1,0,0,0,0,0,0,0,1,0,하위(6~9번)
임지열,키움,1.000,1,1,1,0,0,1,0,0,0,0,1번
김지수,키움,0.500,2,1,1,0,0,0,0,0,0,0,1번
이지영,키움,0.500,2,1,0,0,0,1,0,0,1,0,1번
김하성,키움,0.385,13,5,2,0,0,3,0,0,4,0,1번
이정후,키움,0.323,356,115,21,8,5,45,30,3,31,7,1번
서건창,키움,0.301,186,56,9,2,0,18,22,3,25,3,1번
김혜성,키움,0.250,4,1,0,0,0,0,0,0,0,0,1번
박정음,키움,0.214,14,3,0,0,0,0,2,0,5,0,1번
김규민,키움,0.176,34,6,0,0,0,0,3,0,13,0,1번
송성문,키움,0.000,3,0,0,0,0,0,0,0,1,0,1번
임병욱,키움,0.000,1,0,0,0,0,0,0,0,1,0,1번
박정음,키움,0.500,4,2,0,1,0,2,2,1,0,1,2번
김혜성,키움,0.364,11,4,1,0,0,2,0,0,2,0,2번
이정후,키움,0.308,13,4,0,0,0,0,1,0,0,1,2번
서건창,키움,0.292,89,26,7,1,0,3,14,0,9,0,2번
김하성,키움,0.290,404,117,25,2,14,65,58,6,54,8,2번
박동원,키움,0.250,4,1,0,0,0,0,0,0,0,0,2번
장영석,키움,0.250,4,1,0,0,0,0,0,0,1,0,2번
김지수,키움,0.200,5,1,0,0,0,0,0,0,0,1,2번
샌즈,키움,0.194,36,7,2,0,1,1,3,0,7,2,2번
송성문,키움,0.167,6,1,1,0,0,0,0,0,1,1,2번
김은성,키움,0.000,3,0,0,0,0,0,0,0,0,1,2번
이정후,키움,0.366,194,71,10,2,1,18,13,1,9,5,3번
김하성,키움,0.341,82,28,7,0,5,24,5,1,17,3,3번
김웅빈,키움,0.333,3,1,1,0,0,1,0,0,0,1,3번
서건창,키움,0.333,6,2,0,0,0,0,0,0,0,0,3번
샌즈,키움,0.297,202,60,15,0,13,48,24,4,41,8,3번
박병호,키움,0.288,66,19,4,0,2,9,17,2,17,0,3번
임병욱,키움,0.250,4,1,0,0,0,0,0,0,0,0,3번
장영석,키움,0.200,5,1,0,0,0,1,0,0,3,0,3번
송성문,키움,0.083,12,1,0,0,0,0,1,0,2,0,3번
김규민,키움,0.000,2,0,0,0,0,0,0,0,1,0,3번
김지수,키움,0.000,1,0,0,0,0,0,0,0,1,0,3번
박정음,키움,0.000,2,0,0,0,0,1,0,0,0,0,3번
임지열,키움,0.000,1,0,0,0,0,0,0,0,1,0,3번
추재현,키움,0.000,1,0,0,0,0,0,0,0,0,0,3번
허정협,키움,0.000,1,0,0,0,0,0,0,0,1,0,3번
임지열,키움,1.000,1,1,0,0,0,1,0,0,0,0,4번
장영석,키움,0.500,2,1,0,0,0,0,0,0,1,0,4번
박동원,키움,0.333,3,1,0,0,0,0,1,0,1,0,4번
샌즈,키움,0.327,159,52,13,1,7,37,23,2,26,4,4번
박병호,키움,0.275,363,100,17,0,31,87,61,11,99,7,4번
김규민,키움,0.000,1,0,0,0,0,0,0,0,1,0,4번
김지수,키움,0.000,2,0,0,0,0,0,0,0,1,0,4번
김혜성,키움,0.000,1,0,0,0,0,0,0,0,1,0,4번
허정협,키움,-,0,0,0,0,0,0,1,0,0,0,4번
김하성,키움,0.390,41,16,4,0,0,12,7,0,5,1,5번
김규민,키움,0.381,21,8,0,0,0,2,1,2,6,0,5번
샌즈,키움,0.317,126,40,9,0,6,26,26,0,27,3,5번
서건창,키움,0.275,69,19,1,0,2,8,10,0,10,2,5번
송성문,키움,0.264,53,14,1,1,2,12,6,0,5,2,5번
장영석,키움,0.246,171,42,9,0,3,28,11,3,40,6,5번
김혜성,키움,0.200,5,1,0,0,0,0,0,0,2,0,5번
임병욱,키움,0.184,38,7,2,0,0,3,2,0,13,0,5번
박동원,키움,0.158,19,3,0,0,1,2,1,0,3,0,5번
김은성,키움,-,0,0,0,0,0,0,1,0,0,0,5번
김지수,키움,0.000,2,0,0,0,0,0,1,0,0,0,5번
박정음,키움,0.000,1,0,0,0,0,0,0,0,1,0,5번
임지열,키움,0.000,1,0,0,0,0,0,0,1,0,0,5번
허정협,키움,0.000,4,0,0,0,0,0,0,0,2,0,5번
김웅빈,키움,0.500,4,2,0,0,0,2,0,0,0,0,6번
박병호,키움,0.500,2,1,1,0,0,1,0,0,1,0,6번
주효상,키움,0.500,2,1,0,1,0,2,0,0,0,0,6번
김지수,키움,0.400,5,2,1,0,0,1,1,0,1,0,6번
장영석,키움,0.315,92,29,4,0,4,22,10,1,13,4,6번
서건창,키움,0.315,73,23,4,0,0,10,3,0,6,0,6번
김혜성,키움,0.286,14,4,0,0,0,2,1,0,3,1,6번
박동원,키움,0.284,109,31,8,0,1,19,16,1,19,3,6번
김규민,키움,0.229,35,8,0,1,1,5,3,0,10,2,6번
송성문,키움,0.200,90,18,8,3,0,11,5,0,19,1,6번
임병욱,키움,0.198,101,20,4,1,0,7,6,3,34,4,6번
허정협,키움,0.167,6,1,0,0,0,1,0,1,1,0,6번
박정음,키움,0.000,3,0,0,0,0,0,0,0,2,0,6번
이지영,키움,0.000,9,0,0,0,0,1,0,0,3,1,6번
임지열,키움,0.000,2,0,0,0,0,0,0,0,0,0,6번
박병호,키움,1.000,1,1,0,0,0,1,0,0,0,0,7번
이지영,키움,0.417,36,15,1,0,0,2,2,0,3,1,7번
박동원,키움,0.346,52,18,1,0,2,8,9,0,9,4,7번
김혜성,키움,0.314,51,16,4,0,0,5,4,0,20,0,7번
임병욱,키움,0.291,165,48,9,3,0,24,12,5,44,1,7번
주효상,키움,0.286,7,2,1,0,0,1,0,0,1,0,7번
김규민,키움,0.275,80,22,6,0,1,10,11,1,21,2,7번
송성문,키움,0.268,56,15,1,1,1,4,1,0,10,0,7번
허정협,키움,0.219,32,7,0,0,0,1,3,0,11,1,7번
이정후,키움,0.143,7,1,0,0,0,1,1,0,0,1,7번
장영석,키움,0.109,46,5,0,0,0,2,5,2,7,2,7번
김웅빈,키움,0.000,3,0,0,0,0,0,0,0,1,1,7번
김지수,키움,0.000,2,0,0,0,0,0,0,0,0,0,7번
박정음,키움,-,0,0,0,0,0,1,1,0,0,0,7번
임지열,키움,0.000,1,0,0,0,0,0,0,0,0,0,7번
서건창,키움,1.000,2,2,2,0,0,2,0,0,0,0,8번
김지수,키움,0.667,6,4,0,0,0,2,0,0,0,0,8번
허정협,키움,0.429,7,3,0,0,0,0,0,0,2,0,8번
임병욱,키움,0.311,45,14,2,1,0,4,1,2,11,1,8번
장영석,키움,0.300,40,12,2,0,0,9,1,2,8,1,8번
박동원,키움,0.291,86,25,4,1,4,20,6,0,14,3,8번
이지영,키움,0.256,172,44,4,1,1,28,12,1,12,9,8번
송성문,키움,0.236,55,13,1,0,0,4,3,0,8,1,8번
김혜성,키움,0.228,92,21,1,2,0,6,6,1,24,1,8번
박정음,키움,0.222,18,4,1,0,0,1,1,1,9,0,8번
주효상,키움,0.143,7,1,0,0,0,0,0,0,2,0,8번
김규민,키움,0.000,11,0,0,0,0,0,1,1,5,0,8번
샌즈,키움,0.500,2,1,0,0,1,1,1,0,0,0,9번
이정후,키움,0.500,4,2,0,0,0,4,0,0,0,1,9번
박동원,키움,0.341,44,15,2,0,2,6,1,1,10,0,9번
이지영,키움,0.303,89,27,0,0,0,7,1,0,9,3,9번
김규민,키움,0.289,38,11,2,0,1,7,3,0,11,0,9번
김혜성,키움,0.288,170,49,10,5,0,17,18,1,33,2,9번
허정협,키움,0.278,18,5,1,0,0,6,3,0,2,0,9번
송성문,키움,0.242,33,8,0,0,0,3,3,0,7,2,9번
김은성,키움,0.200,5,1,0,0,0,0,1,0,2,0,9번
박정음,키움,0.172,29,5,1,0,0,2,5,3,14,0,9번
예진원,키움,0.167,6,1,1,0,0,1,2,0,3,0,9번
주효상,키움,0.154,13,2,1,0,0,2,1,0,4,0,9번
장영석,키움,0.083,12,1,0,0,0,0,0,1,4,1,9번
임병욱,키움,0.080,25,2,0,0,0,2,2,1,7,0,9번
김웅빈,키움,0.000,1,0,0,0,0,0,0,0,1,0,9번
김주형,키움,0.000,1,0,0,0,0,0,0,0,0,0,9번
김지수,키움,0.000,5,0,0,0,0,0,0,0,4,0,9번
서건창,키움,0.000,1,0,0,0,0,0,0,0,0,0,9번
임지열,키움,0.000,8,0,0,0,0,1,1,0,6,1,9번
임지열,키움,1.000,1,1,1,0,0,1,0,0,0,0,상위(1~2번)
이지영,키움,0.500,2,1,0,0,0,1,0,0,1,0,상위(1~2번)
김혜성,키움,0.333,15,5,1,0,0,2,0,0,2,0,상위(1~2번)
이정후,키움,0.322,369,119,21,8,5,45,31,3,31,8,상위(1~2번)
서건창,키움,0.298,275,82,16,3,0,21,36,3,34,3,상위(1~2번)
김하성,키움,0.293,417,122,27,2,14,68,58,6,58,8,상위(1~2번)
김지수,키움,0.286,7,2,1,0,0,0,0,0,0,1,상위(1~2번)
박정음,키움,0.278,18,5,0,1,0,2,4,1,5,1,상위(1~2번)
박동원,키움,0.250,4,1,0,0,0,0,0,0,0,0,상위(1~2번)
장영석,키움,0.250,4,1,0,0,0,0,0,0,1,0,상위(1~2번)
샌즈,키움,0.194,36,7,2,0,1,1,3,0,7,2,상위(1~2번)
김규민,키움,0.176,34,6,0,0,0,0,3,0,13,0,상위(1~2번)
송성문,키움,0.111,9,1,1,0,0,0,0,0,2,1,상위(1~2번)
김은성,키움,0.000,3,0,0,0,0,0,0,0,0,1,상위(1~2번)
임병욱,키움,0.000,1,0,0,0,0,0,0,0,1,0,상위(1~2번)
이정후,키움,0.366,194,71,10,2,1,18,13,1,9,5,중심(3~5번)
김하성,키움,0.358,123,44,11,0,5,36,12,1,22,4,중심(3~5번)
김규민,키움,0.333,24,8,0,0,0,2,1,2,8,0,중심(3~5번)
김웅빈,키움,0.333,3,1,1,0,0,1,0,0,0,1,중심(3~5번)
임지열,키움,0.333,3,1,0,0,0,1,0,1,1,0,중심(3~5번)
샌즈,키움,0.312,487,152,37,1,26,111,73,6,94,15,중심(3~5번)
서건창,키움,0.280,75,21,1,0,2,8,10,0,10,2,중심(3~5번)
박병호,키움,0.277,429,119,21,0,33,96,78,13,116,7,중심(3~5번)
장영석,키움,0.247,178,44,9,0,3,29,11,3,44,6,중심(3~5번)
송성문,키움,0.231,65,15,1,1,2,12,7,0,7,2,중심(3~5번)
임병욱,키움,0.190,42,8,2,0,0,3,2,0,13,0,중심(3~5번)
박동원,키움,0.182,22,4,0,0,1,2,2,0,4,0,중심(3~5번)
김혜성,키움,0.167,6,1,0,0,0,0,0,0,3,0,중심(3~5번)
김은성,키움,-,0,0,0,0,0,0,1,0,0,0,중심(3~5번)
김지수,키움,0.000,5,0,0,0,0,0,1,0,2,0,중심(3~5번)
박정음,키움,0.000,3,0,0,0,0,1,0,0,1,0,중심(3~5번)
추재현,키움,0.000,1,0,0,0,0,0,0,0,0,0,중심(3~5번)
허정협,키움,0.000,5,0,0,0,0,0,1,0,3,0,중심(3~5번)
박병호,키움,0.667,3,2,1,0,0,2,0,0,1,0,하위(6~9번)
샌즈,키움,0.500,2,1,0,0,1,1,1,0,0,0,하위(6~9번)
김지수,키움,0.333,18,6,1,0,0,3,1,0,5,0,하위(6~9번)
서건창,키움,0.329,76,25,6,0,0,12,3,0,6,0,하위(6~9번)
박동원,키움,0.306,291,89,15,1,9,53,32,2,52,10,하위(6~9번)
이지영,키움,0.281,306,86,5,1,1,38,15,1,27,14,하위(6~9번)
김혜성,키움,0.275,327,90,15,7,0,30,29,2,80,4,하위(6~9번)
이정후,키움,0.273,11,3,0,0,0,5,1,0,0,2,하위(6~9번)
허정협,키움,0.254,63,16,1,0,0,8,6,1,16,1,하위(6~9번)
김규민,키움,0.250,164,41,8,1,3,22,18,2,47,4,하위(6~9번)
김웅빈,키움,0.250,8,2,0,0,0,2,0,0,2,1,하위(6~9번)
임병욱,키움,0.250,336,84,15,5,0,37,21,11,96,6,하위(6~9번)
장영석,키움,0.247,190,47,6,0,4,33,16,6,32,8,하위(6~9번)
송성문,키움,0.231,234,54,10,4,1,22,12,0,44,4,하위(6~9번)
주효상,키움,0.207,29,6,2,1,0,5,1,0,7,0,하위(6~9번)
김은성,키움,0.200,5,1,0,0,0,0,1,0,2,0,하위(6~9번)
박정음,키움,0.180,50,9,2,0,0,4,7,4,25,0,하위(6~9번)
예진원,키움,0.167,6,1,1,0,0,1,2,0,3,0,하위(6~9번)
김주형,키움,0.000,1,0,0,0,0,0,0,0,0,0,하위(6~9번)
임지열,키움,0.000,11,0,0,0,0,1,1,0,6,1,하위(6~9번)
