선수명,포지션,수비 승리 기여도,년도,팀명,경기,선발경기,수비이닝,실책,견제사,풋아웃,어시스트,병살,수비율,포일,도루허용,도루저지,도루저지율
노진혁,3루수,1.252,2019,NC,52,31,301,3,0,19,82,12,0.971,0,0,0,-
박민우,2루수,1.148,2019,NC,116,111,928 1/3,9,0,232,301,63,0.983,0,0,0,-
김태진,좌익수,0.666,2019,NC,50,36,311,0,0,81,3,1,1.0,0,0,0,-
노진혁,유격수,0.647,2019,NC,70,61,497,2,0,80,165,29,0.992,0,0,0,-
손시헌,유격수,0.523,2019,NC,67,35,344 1/3,4,0,54,138,31,0.98,0,0,0,-
양의지,포수,0.433,2019,NC,91,87,723 1/3,2,1,590,45,10,0.997,2,37,15,28.8
김태진,2루수,0.364,2019,NC,14,10,92,0,0,21,41,13,1.000,0,0,0,-
김태군,포수,0.294,2019,NC,15,7,71 1/3,0,0,46,4,1,1.000,0,1,3,75.0
지석훈,유격수,0.244,2019,NC,16,12,103,1,0,23,39,5,0.984,0,0,0,-
김찬형,유격수,0.22,2019,NC,58,36,340,3,0,62,106,22,0.982,0,0,0,-
김성욱,중견수,0.209,2019,NC,101,80,728 2/3,2,0,180,3,1,0.989,0,0,0,-
지석훈,3루수,0.148,2019,NC,48,21,235 2/3,4,0,19,56,6,0.949,0,0,0,-
김형준,포수,0.146,2019,NC,51,31,286 2/3,1,0,216,22,2,0.996,2,15,10,40.0
김태진,중견수,0.141,2019,NC,30,21,187,2,0,66,2,0,0.971,0,0,0,-
정범모,포수,0.14,2019,NC,25,8,103,1,0,89,5,1,0.989,0,7,4,36.4
권희동,중견수,0.104,2019,NC,3,2,11,0,0,3,0,0,1.000,0,0,0,-
나성범,중견수,0.076,2019,NC,19,18,160 1/3,0,0,44,1,0,1.000,0,0,0,-
유영준,1루수,0.066,2019,NC,2,1,8,0,0,12,1,0,1.000,0,0,0,-
이인혁,중견수,0.064,2019,NC,2,0,5,0,0,3,0,0,1.000,0,0,0,-
이명기,좌익수,0.058,2019,NC,65,45,400 2/3,0,0,97,0,0,1.0,0,0,0,-
김성욱,우익수,0.057,2019,NC,15,3,46 1/3,0,0,11,0,0,1.000,0,0,0,-
김찬형,2루수,0.055,2019,NC,8,0,14,0,0,2,8,2,1.000,0,0,0,-
이명기,중견수,0.037,2019,NC,32,24,207,1,0,61,2,1,0.984,0,0,0,-
이상호,1루수,0.035,2019,NC,38,17,181 1/3,2,0,173,17,19,0.99,0,0,0,-
김태진,우익수,0.034,2019,NC,3,1,8,0,0,3,0,0,1.000,0,0,0,-
박헌욱,우익수,0.031,2019,NC,3,1,10,0,0,4,0,0,1.000,0,0,0,-
김준완,우익수,0.024,2019,NC,3,3,26,0,0,7,0,0,1.000,0,0,0,-
박헌욱,중견수,0.01,2019,NC,3,2,15,0,0,4,0,0,1.000,0,0,0,-
김철호,2루수,0.0,2019,NC,1,0,1,0,0,0,0,0,-,0,0,0,-
윤수강,포수,-0.009,2019,NC,2,0,6,1,0,4,0,0,0.800,0,0,0,-
나성범,우익수,-0.01,2019,NC,5,5,41 1/3,0,0,5,0,0,1.000,0,0,0,-
김태진,3루수,-0.044,2019,NC,19,15,122,1,0,7,24,3,0.969,0,0,0,-
김준완,좌익수,-0.06,2019,NC,2,1,10 1/3,0,0,0,0,0,-,0,0,0,-
강진성,우익수,-0.07,2019,NC,10,2,23 2/3,1,0,8,0,0,0.889,0,0,0,-
최승민,중견수,-0.081,2019,NC,9,2,24 1/3,0,0,11,0,0,1.000,0,0,0,-
지석훈,2루수,-0.087,2019,NC,18,3,58 1/3,0,0,8,18,4,1.000,0,0,0,-
이상호,3루수,-0.088,2019,NC,22,15,130,2,0,10,28,4,0.950,0,0,0,-
김찬형,3루수,-0.096,2019,NC,11,1,18 1/3,0,0,0,1,0,1.000,0,0,0,-
김진형,1루수,-0.099,2019,NC,7,4,39,0,0,41,2,6,1.000,0,0,0,-
이인혁,우익수,-0.105,2019,NC,3,2,15,0,0,2,0,0,1.000,0,0,0,-
권희동,우익수,-0.111,2019,NC,65,57,498,3,0,101,1,0,0.971,0,0,0,-
이상호,중견수,-0.116,2019,NC,7,2,20,0,0,5,0,0,1.000,0,0,0,-
이원재,좌익수,-0.146,2019,NC,24,18,155 2/3,0,0,24,2,1,1.000,0,0,0,-
박석민,3루수,-0.166,2019,NC,65,61,475 1/3,11,0,45,77,12,0.917,0,0,0,-
강진성,좌익수,-0.207,2019,NC,21,14,112,0,0,18,0,0,1.000,0,0,0,-
스몰린스키,우익수,-0.256,2019,NC,53,52,455 2/3,3,0,135,3,1,0.979,0,0,0,-
베탄코트,1루수,-0.303,2019,NC,17,17,140,3,0,123,7,8,0.977,0,0,0,-
이상호,2루수,-0.324,2019,NC,35,19,190 2/3,1,0,50,53,16,0.99,0,0,0,-
박세혁,포수,2.67,2019,두산,135,128,1071 2/3,8,0,786,55,5,0.991,4,85,23,21.3
김재호,유격수,1.701,2019,두산,130,116,993 1/3,10,0,158,339,67,0.980,0,0,0,-
정수빈,중견수,1.037,2019,두산,121,114,1012 2/3,3,0,302,4,1,0.990,0,0,0,-
장승현,포수,0.448,2019,두산,34,8,119,0,0,69,7,1,1.000,1,5,3,37.5
류지혁,3루수,0.443,2019,두산,29,17,148,1,0,20,29,6,0.980,0,0,0,-
류지혁,2루수,0.404,2019,두산,46,28,243 2/3,2,0,66,84,14,0.987,0,0,0,-
백동훈,우익수,0.385,2019,두산,17,3,57,0,0,25,0,0,1.000,0,0,0,-
이흥련,포수,0.292,2019,두산,23,8,91,0,0,47,4,0,1.000,0,6,3,33.3
김대한,중견수,0.285,2019,두산,12,4,47,1,0,19,1,0,0.952,0,0,0,-
허경민,3루수,0.257,2019,두산,132,124,1080,8,0,86,193,18,0.972,0,0,0,-
김경호,좌익수,0.209,2019,두산,15,1,37,0,0,6,0,0,1.000,0,0,0,-
정병곤,2루수,0.2,2019,두산,13,5,50 2/3,0,0,11,18,4,1.000,0,0,0,-
박건우,우익수,0.198,2019,두산,122,113,947 1/3,3,0,233,2,1,0.987,0,0,0,-
김인태,우익수,0.139,2019,두산,9,9,70,0,0,23,0,0,1.000,0,0,0,-
김경호,우익수,0.115,2019,두산,7,0,13 1/3,0,0,5,0,0,1.000,0,0,0,-
정진호,좌익수,0.11,2019,두산,29,5,88 1/3,0,0,19,1,0,1.000,0,0,0,-
백동훈,좌익수,0.109,2019,두산,12,2,29 2/3,0,0,9,0,0,1.000,0,0,0,-
김인태,좌익수,0.106,2019,두산,16,8,90,0,0,25,0,0,1.000,0,0,0,-
정진호,중견수,0.104,2019,두산,10,9,79,0,0,18,0,0,1.000,0,0,0,-
최주환,2루수,0.1,2019,두산,68,64,474,2,0,94,168,36,0.992,0,0,0,-
신성현,중견수,0.1,2019,두산,5,1,13,0,0,4,0,0,1.000,0,0,0,-
신성현,1루수,0.088,2019,두산,14,7,66,1,0,66,6,5,0.986,0,0,0,-
백동훈,중견수,0.085,2019,두산,12,5,52 1/3,0,0,21,0,0,1.000,0,0,0,-
류지혁,1루수,0.076,2019,두산,17,0,27 1/3,0,0,20,6,2,1.000,0,0,0,-
국해성,좌익수,0.064,2019,두산,2,2,13,0,0,5,0,0,1.000,0,0,0,-
정병곤,3루수,0.036,2019,두산,2,0,6,0,0,1,1,0,1.000,0,0,0,-
최주환,1루수,0.025,2019,두산,3,3,25,1,0,25,0,4,0.962,0,0,0,-
허경민,2루수,0.006,2019,두산,1,0,2,0,0,2,2,2,1.000,0,0,0,-
신성현,3루수,-0.007,2019,두산,4,0,7,0,0,1,1,0,1.000,0,0,0,-
서예일,3루수,-0.008,2019,두산,2,0,8,0,0,1,1,0,1.000,0,0,0,-
이유찬,3루수,-0.014,2019,두산,4,1,10 2/3,0,0,0,1,0,1.000,0,0,0,-
신성현,우익수,-0.015,2019,두산,4,1,14,0,0,4,0,0,1.000,0,0,0,-
신성현,2루수,-0.029,2019,두산,1,1,4 2/3,1,0,2,2,0,0.800,0,0,0,-
오재원,1루수,-0.029,2019,두산,2,0,3 1/3,0,0,4,0,0,1.000,0,0,0,-
박유연,포수,-0.03,2019,두산,2,0,2,0,0,2,0,0,1.000,1,0,0,-
정병곤,유격수,-0.056,2019,두산,3,2,21,1,0,3,7,0,0.909,0,0,0,-
류지혁,유격수,-0.065,2019,두산,54,26,266,8,0,43,77,21,0.938,0,0,0,-
류지혁,우익수,-0.069,2019,두산,1,0,6,0,0,0,0,0,-,0,0,0,-
신성현,좌익수,-0.073,2019,두산,4,1,10 2/3,0,0,2,0,0,1.000,0,0,0,-
이유찬,2루수,-0.081,2019,두산,9,2,23,1,0,5,9,0,0.933,0,0,0,-
박건우,중견수,-0.107,2019,두산,11,8,55,0,0,17,0,0,1.000,0,0,0,-
오재일,1루수,-0.158,2019,두산,126,119,1044,4,0,1031,76,100,0.996,0,0,0,-
국해성,우익수,-0.194,2019,두산,12,8,66,2,0,13,0,0,0.867,0,0,0,-
정진호,우익수,-0.225,2019,두산,22,10,104,0,0,24,1,0,1.000,0,0,0,-
김경호,중견수,-0.324,2019,두산,7,3,23 2/3,0,0,6,0,0,1.000,0,0,0,-
최주환,3루수,-0.337,2019,두산,4,2,23,0,0,0,4,0,1.000,0,0,0,-
페르난데스,1루수,-0.36,2019,두산,15,15,117,3,0,105,3,14,0.973,0,0,0,-
오재원,2루수,-0.926,2019,두산,88,44,480 2/3,7,0,122,160,45,0.976,0,0,0,-
김재환,좌익수,-0.949,2019,두산,124,124,1010,0,0,228,5,1,1.000,0,0,0,-
오지환,유격수,3.732,2019,LG,134,131,1101,12,0,214,402,100,0.981,0,0,0,-
유강남,포수,1.313,2019,LG,128,115,968 1/3,7,0,757,61,9,0.992,5,84,25,22.9
정주현,2루수,1.023,2019,LG,128,124,972,13,0,209,307,77,0.975,0,0,0,-
이형종,우익수,0.955,2019,LG,37,30,268,0,0,85,5,1,1.0,0,0,0,-
이성우,포수,0.701,2019,LG,53,19,210,3,0,143,16,0,0.981,0,23,8,25.8
조셉,1루수,0.367,2019,LG,45,44,357,4,0,352,33,36,0.99,0,0,0,-
김용의,1루수,0.317,2019,LG,96,40,481,5,0,452,41,37,0.99,0,0,0,-
윤진호,2루수,0.271,2019,LG,51,0,101,0,0,25,41,11,1.0,0,0,0,-
이형종,중견수,0.219,2019,LG,28,21,170 1/3,0,0,53,0,0,1.0,0,0,0,-
윤진호,3루수,0.177,2019,LG,39,2,100,1,0,4,21,2,0.962,0,0,0,-
전준호,포수,0.174,2019,LG,8,2,24,0,0,20,0,0,1.0,0,0,0,-
구본혁,유격수,0.17,2019,LG,25,9,111,1,0,13,47,6,0.984,0,0,0,-
김민성,3루수,0.165,2019,LG,105,104,841 2/3,6,0,61,177,12,0.975,0,0,0,-
페게로,좌익수,0.117,2019,LG,2,2,12,0,0,4,0,0,1.0,0,0,0,-
박용택,좌익수,0.078,2019,LG,3,3,24 2/3,0,0,4,0,0,1.0,0,0,0,-
백승현,유격수,0.056,2019,LG,5,2,22,0,0,4,8,1,1.0,0,0,0,-
백승현,2루수,0.056,2019,LG,4,3,21,0,0,8,6,1,1.0,0,0,0,-
양종민,1루수,0.041,2019,LG,3,3,20,0,0,17,4,1,1.0,0,0,0,-
신민재,3루수,0.039,2019,LG,2,0,3,0,0,1,1,0,1.0,0,0,0,-
홍창기,우익수,0.037,2019,LG,7,1,20,0,0,6,0,0,1.0,0,0,0,-
전민수,우익수,0.03,2019,LG,16,5,66,0,0,19,2,0,1.0,0,0,0,-
홍창기,좌익수,0.009,2019,LG,7,0,17,0,0,5,1,0,1.0,0,0,0,-
김재성,포수,0.006,2019,LG,3,2,17,0,0,16,2,1,1.0,0,1,1,50.0
김재율,3루수,0.005,2019,LG,4,4,19,0,0,1,6,0,1.0,0,0,0,-
양종민,3루수,0.0,2019,LG,13,11,92 2/3,4,0,5,22,0,0.871,0,0,0,-
이형종,1루수,-0.002,2019,LG,2,0,3,0,0,1,0,1,1.0,0,0,0,-
홍창기,중견수,-0.011,2019,LG,6,1,15,0,0,1,0,0,1.0,0,0,0,-
페게로,우익수,-0.023,2019,LG,8,3,32,0,0,6,1,1,1.0,0,0,0,-
박지규,3루수,-0.028,2019,LG,3,1,10,0,0,1,0,1,1.0,0,0,0,-
정상호,포수,-0.046,2019,LG,21,6,64,0,0,47,4,0,1.0,2,7,0,0.0
구본혁,2루수,-0.053,2019,LG,7,0,14 1/3,0,0,4,5,1,1.0,0,0,0,-
양종민,2루수,-0.058,2019,LG,2,0,7,0,0,0,1,0,1.0,0,0,0,-
구본혁,3루수,-0.066,2019,LG,32,16,148,0,0,7,26,3,1.0,0,0,0,-
신민재,중견수,-0.07,2019,LG,25,1,53 1/3,0,0,18,0,0,1.0,0,0,0,-
전민수,중견수,-0.078,2019,LG,3,0,4,0,0,1,0,0,1.0,0,0,0,-
신민재,2루수,-0.081,2019,LG,32,13,133,0,0,37,45,13,1.0,0,0,0,-
이천웅,우익수,-0.088,2019,LG,4,0,9,0,0,3,0,0,1.0,0,0,0,-
류형우,1루수,-0.092,2019,LG,3,3,18,0,0,16,1,2,1.0,0,0,0,-
서상우,1루수,-0.092,2019,LG,2,0,6,0,0,5,0,0,1.0,0,0,0,-
이천웅,좌익수,-0.097,2019,LG,6,3,21 2/3,0,0,5,0,0,1.0,0,0,0,-
김현수,1루수,-0.108,2019,LG,29,28,209 1/3,1,0,225,20,27,0.996,0,0,0,-
박지규,2루수,-0.114,2019,LG,8,4,35,1,0,10,5,0,0.938,0,0,0,-
김용의,3루수,-0.119,2019,LG,9,1,24,0,0,2,7,2,1.0,0,0,0,-
백승현,3루수,-0.137,2019,LG,5,5,34,1,0,2,7,0,0.9,0,0,0,-
윤진호,유격수,-0.143,2019,LG,21,2,49 1/3,1,0,11,9,3,0.952,0,0,0,-
류형우,3루수,-0.155,2019,LG,7,0,11,0,0,1,0,0,1.0,0,0,0,-
채은성,우익수,-0.319,2019,LG,109,105,886 1/3,2,0,187,5,2,0.99,0,0,0,-
이형종,좌익수,-0.379,2019,LG,43,40,315,2,0,62,2,0,0.97,0,0,0,-
전민수,좌익수,-0.523,2019,LG,21,2,61,0,0,17,1,0,1.0,0,0,0,-
페게로,1루수,-0.574,2019,LG,26,26,189,6,0,169,15,17,0.968,0,0,0,-
박동원,포수,1.079,2019,키움,89,64,608,1,2,487,40,4,0.998,3,47,18,27.7
이지영,포수,0.701,2019,키움,83,74,605,3,2,468,39,8,0.994,3,40,12,23.1
김혜성,2루수,0.615,2019,키움,63,50,437 1/3,5,0,107,153,31,0.981,0,0,0,-
김혜성,유격수,0.565,2019,키움,66,43,426,9,0,63,145,21,0.959,0,0,0,-
박병호,1루수,0.508,2019,키움,108,108,906 2/3,6,0,923,79,88,0.994,0,0,0,-
이정후,우익수,0.411,2019,키움,52,29,282,0,0,67,3,2,1.000,0,0,0,-
김하성,3루수,0.35,2019,키움,36,28,240 1/3,5,0,7,44,4,0.911,0,0,0,-
김지수,2루수,0.295,2019,키움,33,1,70,1,0,20,27,9,0.979,0,0,0,-
장영석,3루수,0.229,2019,키움,67,63,511,7,0,31,117,8,0.955,0,0,0,-
박정음,좌익수,0.118,2019,키움,30,16,146 1/3,0,0,33,1,1,1.000,0,0,0,-
송성문,2루수,0.107,2019,키움,39,29,263 2/3,3,0,53,77,20,0.977,0,0,0,-
박정음,중견수,0.089,2019,키움,10,5,43,0,0,12,0,0,1.000,0,0,0,-
허정협,좌익수,0.081,2019,키움,13,11,77,0,0,12,0,0,1.000,0,0,0,-
김혜성,3루수,0.073,2019,키움,6,4,27,1,0,1,7,0,0.889,0,0,0,-
추재현,우익수,0.065,2019,키움,1,0,4,0,0,2,0,0,1.000,0,0,0,-
예진원,좌익수,0.051,2019,키움,1,1,9,0,0,3,0,0,1.000,0,0,0,-
김은성,3루수,0.034,2019,키움,1,0,6,0,0,0,2,0,1.000,0,0,0,-
송성문,1루수,0.001,2019,키움,5,0,6,0,0,4,0,1,1.000,0,0,0,-
김웅빈,2루수,-0.008,2019,키움,1,1,7,0,0,3,2,0,1.000,0,0,0,-
주효상,포수,-0.012,2019,키움,17,6,66,1,0,53,6,0,0.983,0,5,1,16.7
김주형,2루수,-0.013,2019,키움,1,0,3,0,0,0,1,0,1.000,0,0,0,-
김규민,중견수,-0.023,2019,키움,2,1,9,0,0,2,0,0,1.000,0,0,0,-
샌즈,1루수,-0.048,2019,키움,24,15,140,1,0,154,8,10,0.994,0,0,0,-
박정음,우익수,-0.051,2019,키움,10,0,19,0,0,4,0,0,1.000,0,0,0,-
이정후,좌익수,-0.075,2019,키움,76,64,537 2/3,1,0,124,2,2,0.992,0,0,0,-
예진원,우익수,-0.078,2019,키움,1,1,9,0,0,2,0,0,1.000,0,0,0,-
김규민,좌익수,-0.084,2019,키움,82,52,509,1,0,116,5,1,0.992,0,0,0,-
허정협,우익수,-0.086,2019,키움,7,4,30,0,0,7,0,0,1.000,0,0,0,-
김웅빈,3루수,-0.093,2019,키움,2,2,13,0,0,0,3,0,1.000,0,0,0,-
임지열,3루수,-0.095,2019,키움,5,2,25,1,0,3,2,0,0.833,0,0,0,-
임지열,1루수,-0.118,2019,키움,3,1,5,1,0,4,1,0,0.833,0,0,0,-
김은성,2루수,-0.127,2019,키움,3,2,17,1,0,2,4,1,0.857,0,0,0,-
송성문,3루수,-0.147,2019,키움,52,44,389 1/3,4,0,27,77,12,0.963,0,0,0,-
김지수,유격수,-0.151,2019,키움,1,1,5,1,0,0,1,0,0.500,0,0,0,-
서건창,2루수,-0.168,2019,키움,62,61,481,6,0,106,163,35,0.978,0,0,0,-
김지수,3루수,-0.173,2019,키움,34,1,66 1/3,0,0,9,9,0,1.000,0,0,0,-
김하성,유격수,-0.239,2019,키움,105,100,846,15,0,150,284,62,0.967,0,0,0,-
임병욱,중견수,-0.798,2019,키움,117,101,904 2/3,4,0,248,9,2,0.985,0,0,0,-
이정후,중견수,-0.914,2019,키움,47,37,322 1/3,1,0,71,1,0,0.986,0,0,0,-
장영석,1루수,-1.258,2019,키움,40,20,221 1/3,3,0,179,15,15,0.985,0,0,0,-
샌즈,우익수,-2.314,2019,키움,114,110,933,4,0,204,3,1,0.981,0,0,0,-
김주형,유격수,,2019,키움,1,0,2,0,0,0,0,0,-,0,0,0,-
김주형,3루수,,2019,키움,1,0,1,0,0,0,0,0,-,0,0,0,-
김규민,우익수,,2019,키움,1,0,2,0,0,0,0,0,-,0,0,0,-
노수광,중견수,0.995,2019,SK,39,39,286,0,0,97,2,0,1.0,0,0,0,-
김강민,중견수,0.906,2019,SK,123,100,947 1/3,3,0,264,9,2,0.989,0,0,0,-
나주환,2루수,0.78,2019,SK,61,49,399,1,0,96,154,38,0.996,0,0,0,-
강승호,2루수,0.477,2019,SK,9,6,63,0,0,13,19,4,1.000,0,0,0,-
나주환,3루수,0.337,2019,SK,17,5,66,0,0,2,15,1,1.000,0,0,0,-
최준우,2루수,0.279,2019,SK,12,11,76,0,0,15,25,4,1.000,0,0,0,-
정현,2루수,0.259,2019,SK,12,6,61 1/3,0,0,21,16,8,1.000,0,0,0,-
김재현,중견수,0.206,2019,SK,11,5,56,0,0,18,0,0,1.000,0,0,0,-
노수광,우익수,0.188,2019,SK,33,22,208,0,0,52,0,0,1.0,0,0,0,-
안상현,2루수,0.15,2019,SK,55,16,250 2/3,6,0,53,92,18,0.96,0,0,0,-
최민재,우익수,0.126,2019,SK,1,1,6,0,0,3,0,0,1.000,0,0,0,-
로맥,3루수,0.117,2019,SK,10,6,67,1,0,8,13,1,0.955,0,0,0,-
최경모,유격수,0.108,2019,SK,10,1,23,0,0,2,8,2,1.000,0,0,0,-
나주환,1루수,0.101,2019,SK,11,6,63,0,0,56,1,6,1.000,0,0,0,-
김성현,유격수,0.094,2019,SK,144,132,1143 2/3,26,0,179,358,83,0.954,0,0,0,-
안상현,유격수,0.091,2019,SK,13,3,42 1/3,0,0,9,7,2,1.000,0,0,0,-
최항,2루수,0.087,2019,SK,43,38,280,3,0,65,80,15,0.98,0,0,0,-
이현석,포수,0.049,2019,SK,2,1,9,0,0,7,0,0,1.000,0,0,0,-
김재현,좌익수,0.03,2019,SK,14,1,26,0,0,4,0,0,1.000,0,0,0,-
정현,유격수,0.022,2019,SK,14,5,45,0,0,7,12,5,1.000,0,0,0,-
정진기,좌익수,0.019,2019,SK,2,0,6,0,0,1,0,0,1.000,0,0,0,-
배영섭,좌익수,0.017,2019,SK,19,13,119 2/3,0,0,26,0,0,1.000,0,0,0,-
강승호,유격수,0.017,2019,SK,6,3,29,1,0,5,8,2,0.929,0,0,0,-
배영섭,중견수,0.0,2019,SK,2,0,3,0,0,0,0,0,-,0,0,0,-
임재현,좌익수,-0.005,2019,SK,3,0,5,0,0,1,0,0,1.000,0,0,0,-
임재현,우익수,-0.006,2019,SK,1,1,6,0,0,0,0,0,-,0,0,0,-
남태혁,1루수,-0.024,2019,SK,2,2,13,0,0,12,0,1,1.000,0,0,0,-
최준우,3루수,-0.027,2019,SK,1,0,2,0,0,0,0,0,-,0,0,0,-
최승준,1루수,-0.037,2019,SK,4,2,26,0,0,21,4,0,1.000,0,0,0,-
고종욱,좌익수,-0.042,2019,SK,67,65,524 2/3,3,0,113,0,0,0.974,0,0,0,-
최경모,2루수,-0.056,2019,SK,7,0,24,2,0,6,6,1,0.857,0,0,0,-
김창평,유격수,-0.066,2019,SK,2,0,4,0,0,1,1,0,1.000,0,0,0,-
허도환,포수,-0.067,2019,SK,56,22,242 1/3,2,1,218,19,3,0.992,0,21,4,16.0
정의윤,좌익수,-0.072,2019,SK,29,24,208,0,0,41,0,0,1.0,0,0,0,-
최항,1루수,-0.073,2019,SK,4,3,33,0,0,31,1,5,1.000,0,0,0,-
정진기,우익수,-0.079,2019,SK,9,3,35,0,0,9,0,0,1.000,0,0,0,-
배영섭,우익수,-0.088,2019,SK,6,5,37,0,0,5,0,0,1.000,0,0,0,-
김재현,우익수,-0.129,2019,SK,35,1,59 2/3,0,0,7,0,0,1.0,0,0,0,-
김창평,2루수,-0.164,2019,SK,17,15,122,0,0,29,47,11,1.000,0,0,0,-
박정권,1루수,-0.193,2019,SK,7,4,42 1/3,0,0,36,1,3,1.000,0,0,0,-
정의윤,우익수,-0.386,2019,SK,23,21,168,1,0,28,0,0,0.966,0,0,0,-
최정,3루수,-0.419,2019,SK,134,133,1153,14,0,93,211,21,0.956,0,0,0,-
노수광,좌익수,-0.777,2019,SK,70,40,402,3,0,99,5,0,0.972,0,0,0,-
이재원,포수,-0.971,2019,SK,136,121,1041,6,0,889,58,4,0.994,3,84,19,18.4
한유섬,우익수,-1.135,2019,SK,93,89,772 2/3,4,0,166,11,2,0.978,0,0,0,-
로맥,1루수,-2.391,2019,SK,130,127,1113 1/3,3,0,1022,49,103,0.997,0,0,0,-
